10000.0,-4.538985252380371,0.4963298439979553,-2.240389585494995,0.001492228009738028,-0.9095847606658936,-0.05539322644472122,0.41180703043937683
10000.0,-4.539177894592285,0.4964432120323181,-2.2406225204467773,0.0037519584875553846,-0.910554826259613,-0.0535363033413887,0.4098897874355316
10000.0,-4.538641452789307,0.495414674282074,-2.2411959171295166,-0.006994324270635843,-0.9067847728729248,-0.04822203889489174,0.4187685549259186
10000.0,-4.539488792419434,0.49580565094947815,-2.242373466491699,-0.010334550403058529,-0.910841703414917,-0.04262656345963478,0.41041871905326843
10000.0,-4.539120197296143,0.4952363073825836,-2.2423641681671143,-0.013438927009701729,-0.9091729521751404,-0.040228456258773804,0.4142531454563141
10000.0,-4.539638042449951,0.4955272674560547,-2.2425379753112793,-0.007473975885659456,-0.9117547273635864,-0.037057869136333466,0.4089919626712799
10000.0,-4.539762496948242,0.49559757113456726,-2.242114305496216,-0.00021809829922858626,-0.9119536876678467,-0.03807716816663742,0.40852227807044983
10000.0,-4.539875507354736,0.49595269560813904,-2.2414944171905518,0.007332127075642347,-0.9131069183349609,-0.04054135084152222,0.4056333899497986
10000.0,-4.539667129516602,0.4963504374027252,-2.241572141647339,0.011329115368425846,-0.9139546155929565,-0.04518755525350571,0.4031335115432739
10000.0,-4.539621829986572,0.4966494143009186,-2.2413952350616455,0.010184177197515965,-0.9134144186973572,-0.04912866652011871,0.40392664074897766
10000.0,-4.5396013259887695,0.49690017104148865,-2.241161346435547,0.007820586673915386,-0.9126565456390381,-0.05294320732355118,0.40520864725112915
10000.0,-4.539679050445557,0.49683722853660583,-2.2410573959350586,0.009606065228581429,-0.9124915599822998,-0.05532969906926155,0.40522271394729614
10000.0,-4.539302349090576,0.4967350363731384,-2.2407522201538086,0.011651345528662205,-0.9103724360466003,-0.060728613287210464,0.4091435372829437
10000.0,-4.5391974449157715,0.49683162569999695,-2.240664482116699,0.011776466853916645,-0.9090183973312378,-0.06575147807598114,0.4113679826259613
10000.0,-4.539241790771484,0.49419400095939636,-2.2420706748962402,0.011244313791394234,-0.9146527051925659,-0.017296334728598595,0.4037138819694519
10000.0,-4.539510726928711,0.4939066469669342,-2.2426958084106445,0.009517778642475605,-0.9142159223556519,-0.014867831952869892,0.40484270453453064
10000.0,-4.539670467376709,0.49367931485176086,-2.2429747581481934,0.010810088366270065,-0.9144374132156372,-0.01281352061778307,0.40438005328178406
10000.0,-4.539963722229004,0.4932965934276581,-2.2432141304016113,0.014224272221326828,-0.9149689674377441,-0.009498112834990025,0.40316158533096313
10000.0,-4.540213108062744,0.49423947930336,-2.242586135864258,0.01044762134552002,-0.915023148059845,-0.009458530694246292,0.4031550884246826
10000.0,-4.54039192199707,0.49450892210006714,-2.242090940475464,0.013328323140740395,-0.9153841137886047,-0.012540353462100029,0.40216559171676636
10000.0,-4.540753364562988,0.49434953927993774,-2.2417893409729004,0.021617140620946884,-0.9150899648666382,-0.017214884981513023,0.40230175852775574
10000.0,-4.5405192375183105,0.4945697486400604,-2.241356134414673,0.025242554023861885,-0.9158098697662354,-0.02648327499628067,0.3999421298503876
10000.0,-4.540051460266113,0.4954243302345276,-2.240786075592041,0.018629610538482666,-0.9149446487426758,-0.03914835676550865,0.40124383568763733
10000.0,-4.540027618408203,0.4954567849636078,-2.2406623363494873,0.017787152901291847,-0.9143107533454895,-0.03899900242686272,0.402739018201828
10000.0,-4.539963722229004,0.49548977613449097,-2.240605592727661,0.016571495682001114,-0.913512647151947,-0.03987906873226166,0.4045116603374481
10000.0,-4.539956569671631,0.49550700187683105,-2.240692615509033,0.015894128009676933,-0.9135680794715881,-0.039840493351221085,0.404417484998703
10000.0,-4.539942741394043,0.495515376329422,-2.2406980991363525,0.016030820086598396,-0.9136298298835754,-0.03913875296711922,0.40434110164642334
10000.0,-4.539919376373291,0.49552953243255615,-2.24058198928833,0.015206298790872097,-0.912940502166748,-0.03775790333747864,0.40605759620666504
10000.0,-4.539941310882568,0.4955727458000183,-2.2406373023986816,0.015397641807794571,-0.9132689237594604,-0.03738810122013092,0.4053454101085663
10000.0,-4.539907932281494,0.49553579092025757,-2.2406489849090576,0.015715142711997032,-0.9131665825843811,-0.036428023129701614,0.40565115213394165
10000.0,-4.539841175079346,0.49541670083999634,-2.2406435012817383,0.014816614799201488,-0.9124951958656311,-0.035697441548109055,0.40725767612457275
10000.0,-4.539601802825928,0.4964595437049866,-2.2403478622436523,0.008134717121720314,-0.9120985865592957,-0.047570809721946716,0.4071204960346222
10000.0,-4.539534091949463,0.4963042736053467,-2.2404181957244873,0.007898882031440735,-0.9121785759925842,-0.043709855526685715,0.40737855434417725
10000.0,-4.5394110679626465,0.4962199926376343,-2.2403934001922607,0.007695458363741636,-0.9118017554283142,-0.040602587163448334,0.40854597091674805
10000.0,-4.539425373077393,0.4955888092517853,-2.240888833999634,0.000711482425685972,-0.910898745059967,-0.035917166620492935,0.4110635221004486
10000.0,-4.539507865905762,0.49558016657829285,-2.2410097122192383,0.002304719528183341,-0.9106312990188599,-0.03464517742395401,0.41175857186317444
10000.0,-4.538795471191406,0.49489977955818176,-2.241365909576416,-0.00933584664016962,-0.9065333008766174,-0.032036956399679184,0.42081326246261597
10000.0,-4.539931297302246,0.4952532947063446,-2.2424185276031494,-0.0036992861423641443,-0.9125596880912781,-0.032851435244083405,0.40760526061058044
10000.0,-4.539455413818359,0.4949532151222229,-2.241271495819092,-0.00010487029794603586,-0.9085497856140137,-0.02887730300426483,0.41677746176719666
10000.0,-4.539477348327637,0.49507051706314087,-2.241152048110962,0.005016933660954237,-0.9097586870193481,-0.027530131861567497,0.41419342160224915
10000.0,-4.539431571960449,0.49513089656829834,-2.241084575653076,0.0061495061963796616,-0.9100559949874878,-0.027403973042964935,0.41353273391723633
10000.0,-4.539402008056641,0.4950900375843048,-2.241123676300049,0.005876346956938505,-0.9101659655570984,-0.026479344815015793,0.41335487365722656
10500.0,-4.539384365081787,0.49504902958869934,-2.241135358810425,0.006277614273130894,-0.9101493954658508,-0.026667797937989235,0.41337329149246216
10500.0,-4.5394182205200195,0.49511954188346863,-2.241067409515381,0.0073416028171777725,-0.9104556441307068,-0.027321889996528625,0.4126380980014801
10500.0,-4.539392948150635,0.4950608015060425,-2.2411205768585205,0.0065355198457837105,-0.9102341532707214,-0.026629522442817688,0.41318514943122864
10500.0,-4.539416313171387,0.49511289596557617,-2.2410733699798584,0.006809546612203121,-0.9102280139923096,-0.026765676215291023,0.4131854176521301
10500.0,-4.53939151763916,0.4946824908256531,-2.2413222789764404,-0.00015616705059073865,-0.9093315005302429,-0.026909681037068367,0.4152013957500458
10500.0,-4.539797306060791,0.4947376251220703,-2.2419722080230713,5.750282434746623e-05,-0.9109994173049927,-0.02853148803114891,0.41141968965530396
10500.0,-4.539917945861816,0.4947839081287384,-2.24202299118042,0.0015811324119567871,-0.9112255573272705,-0.029133323580026627,0.41087302565574646
10500.0,-4.539320468902588,0.494271457195282,-2.2417144775390625,-0.006183648481965065,-0.9077707529067993,-0.02654072642326355,0.4185803234577179
10500.0,-4.539617538452148,0.49465662240982056,-2.241791009902954,-0.00036379502853378654,-0.9096212387084961,-0.02718520723283291,0.4145481288433075
10500.0,-4.539474010467529,0.4947817027568817,-2.241417407989502,0.0014368693809956312,-0.9086423516273499,-0.02684147283434868,0.41670936346054077
10500.0,-4.5394511222839355,0.4948960840702057,-2.241219997406006,0.0039248098619282246,-0.9091302752494812,-0.026254627853631973,0.41566506028175354
10500.0,-4.539377212524414,0.49458757042884827,-2.2414157390594482,-0.0016322516603395343,-0.9091300964355469,-0.02657822147011757,0.41566038131713867
10500.0,-4.539590835571289,0.49475693702697754,-2.241678476333618,0.0009689265280030668,-0.9100832343101501,-0.02762613818049431,0.41350260376930237
10500.0,-4.539548397064209,0.4948079288005829,-2.241532802581787,0.0011392536107450724,-0.9091548919677734,-0.02688213624060154,0.4155882000923157
10500.0,-4.539418697357178,0.49477168917655945,-2.241431474685669,0.00029642615118063986,-0.9083836674690247,-0.025836192071437836,0.4173387289047241
10500.0,-4.5395026206970215,0.49495840072631836,-2.2413113117218018,0.0036409932654350996,-0.9093965888023376,-0.02676115743815899,0.415052592754364
10500.0,-4.539414882659912,0.49503567814826965,-2.24117112159729,0.004305715672671795,-0.9094985127449036,-0.026113849133253098,0.41486379504203796
10500.0,-4.539392471313477,0.4951176941394806,-2.241093635559082,0.005151182413101196,-0.9098215699195862,-0.026265159249305725,0.4141356348991394
10500.0,-4.539369106292725,0.49515148997306824,-2.2410693168640137,0.005523440893739462,-0.9099581241607666,-0.026281123980879784,0.41382965445518494
10500.0,-4.539332866668701,0.4951026439666748,-2.241060733795166,0.005687872879207134,-0.9099092483520508,-0.02650362439453602,0.41392073035240173
11000.0,-4.539369583129883,0.4950791597366333,-2.2410593032836914,0.005928930826485157,-0.9099493622779846,-0.026515964418649673,0.41382837295532227
11000.0,-4.53936243057251,0.49503448605537415,-2.2411348819732666,0.005608731415122747,-0.909877598285675,-0.02628326416015625,0.4140053689479828
11000.0,-4.53934907913208,0.49503713846206665,-2.241121530532837,0.005719250068068504,-0.9098296761512756,-0.025988390669226646,0.41412782669067383
11000.0,-4.5393290519714355,0.49461284279823303,-2.241391181945801,-0.0009240464423783123,-0.9086467623710632,-0.026631439104676247,0.41671478748321533
11000.0,-4.539300918579102,0.49431154131889343,-2.2417006492614746,-0.004529446363449097,-0.9075997471809387,-0.02605453133583069,0.4190027415752411
11000.0,-4.539707660675049,0.49442964792251587,-2.2417683601379395,-0.003693860489875078,-0.9089480042457581,-0.025708511471748352,0.41609981656074524
11000.0,-4.5397257804870605,0.49446922540664673,-2.241499662399292,-0.0025749809574335814,-0.9083813428878784,-0.026476740837097168,0.41729578375816345
11000.0,-4.539953708648682,0.49444717168807983,-2.2414824962615967,-0.002013134304434061,-0.9084604978561401,-0.026182029396295547,0.4171450436115265
11000.0,-4.539906978607178,0.4944573938846588,-2.2414822578430176,-0.0037069530226290226,-0.9077998399734497,-0.02667500451207161,0.41853803396224976
11000.0,-4.539744853973389,0.49429917335510254,-2.2415270805358887,-0.0048481738194823265,-0.907307505607605,-0.026058437302708626,0.4196314811706543
11000.0,-4.539723873138428,0.49430400133132935,-2.2415475845336914,-0.005859283730387688,-0.9072566032409668,-0.02602616883814335,0.419730544090271
11000.0,-4.539817810058594,0.4943241477012634,-2.241529941558838,-0.0062006511725485325,-0.9075300097465515,-0.025877423584461212,0.419143408536911
11000.0,-4.539682865142822,0.4942396879196167,-2.2415387630462646,-0.00676035787910223,-0.9075043201446533,-0.026048386469483376,0.4191797971725464
11000.0,-4.539748668670654,0.4942508637905121,-2.2414889335632324,-0.006790681276470423,-0.9080206751823425,-0.026521161198616028,0.41802993416786194
11000.0,-4.539592742919922,0.4939104914665222,-2.241539239883423,-0.012059192173182964,-0.9081569910049438,-0.027311883866786957,0.4175638258457184
11000.0,-4.53959846496582,0.49424025416374207,-2.241511821746826,-0.006106535438448191,-0.9084381461143494,-0.026265855878591537,0.4171485900878906
11000.0,-4.539579391479492,0.4946284592151642,-2.241419792175293,-0.00155069085303694,-0.9083263278007507,-0.026850691065192223,0.4173966348171234
11000.0,-4.539632797241211,0.4946573078632355,-2.241456985473633,0.0011152784572914243,-0.9088382124900818,-0.026482244953513145,0.41630589962005615
11500.0,-4.539846420288086,0.49471575021743774,-2.241372585296631,0.0013973331078886986,-0.9093846678733826,-0.026304524391889572,0.41512128710746765
11500.0,-4.5399088859558105,0.49424704909324646,-2.242309093475342,-0.007439665030688047,-0.9112590551376343,-0.024338794872164726,0.41104656457901
11500.0,-4.539327621459961,0.49420854449272156,-2.2420287132263184,-0.00558955455198884,-0.9092261791229248,-0.024933718144893646,0.41551774740219116
11500.0,-4.540008068084717,0.4944506287574768,-2.2427077293395996,0.0003867790219374001,-0.9133284687995911,-0.023708205670118332,0.406532883644104
11500.0,-4.5393829345703125,0.49409469962120056,-2.2421367168426514,-0.005093339364975691,-0.9098171591758728,-0.023669863119721413,0.41430264711380005
11500.0,-4.539274215698242,0.4941498637199402,-2.2419657707214355,-0.00525670638307929,-0.9090977907180786,-0.02381603606045246,0.4158681333065033
11500.0,-4.53920841217041,0.49419209361076355,-2.241941452026367,-0.004930057562887669,-0.9088661670684814,-0.024109207093715668,0.4163613021373749
11500.0,-4.540050506591797,0.4945200979709625,-2.242603063583374,-7.51300249248743e-05,-0.913112461566925,-0.02412278577685356,0.40699368715286255
11500.0,-4.540246963500977,0.49427899718284607,-2.2423911094665527,0.005689900368452072,-0.9131837487220764,-0.021149609237909317,0.40695920586586
11500.0,-4.540444850921631,0.494079053401947,-2.242248058319092,0.008644112385809422,-0.9132460951805115,-0.01902911439538002,0.4068720042705536
11500.0,-4.540625095367432,0.49396833777427673,-2.2421958446502686,0.007795562967658043,-0.9131656289100647,-0.01918173022568226,0.40706244111061096
11500.0,-4.540666103363037,0.493986040353775,-2.2421634197235107,0.0034285320434719324,-0.9121764302253723,-0.020296519622206688,0.40928059816360474
11500.0,-4.540685653686523,0.49400967359542847,-2.2421529293060303,-0.0019043885404244065,-0.9110279679298401,-0.02155936323106289,0.41177627444267273
11500.0,-4.540606498718262,0.49398088455200195,-2.242067813873291,-0.005486667156219482,-0.9103791117668152,-0.0217343270778656,0.41316738724708557
11500.0,-4.540239334106445,0.4935486614704132,-2.24208402633667,-0.016119254752993584,-0.9111860990524292,-0.020398151129484177,0.41117411851882935
11500.0,-4.539730072021484,0.4936361312866211,-2.241575241088867,-0.016793813556432724,-0.9087460041046143,-0.027569223195314407,0.41609930992126465
11500.0,-4.5401787757873535,0.4935915172100067,-2.2419822216033936,-0.015864064916968346,-0.9108347296714783,-0.02117057330906391,0.41192278265953064
11500.0,-4.5403852462768555,0.4934020936489105,-2.242224931716919,-0.015537288971245289,-0.9119119644165039,-0.018448319286108017,0.40967652201652527
12000.0,-4.540524005889893,0.49346107244491577,-2.242192029953003,-0.012589134275913239,-0.912034809589386,-0.017735062167048454,0.4095357060432434
12000.0,-4.5404253005981445,0.4934068024158478,-2.2422237396240234,-0.014542353339493275,-0.9120914340019226,-0.018024766817688942,0.40933215618133545
12000.0,-4.540421962738037,0.4933866262435913,-2.2422289848327637,-0.015169136226177216,-0.912174642086029,-0.018121181055903435,0.40911969542503357
12000.0,-4.5404229164123535,0.49341249465942383,-2.2422149181365967,-0.015423817560076714,-0.9120752215385437,-0.018715571612119675,0.40930500626564026
12000.0,-4.540486812591553,0.4935251772403717,-2.24212646484375,-0.012357627972960472,-0.9118669629096985,-0.018942032009363174,0.4098624587059021
12000.0,-4.540544033050537,0.49361059069633484,-2.242150068283081,-0.00932957325130701,-0.9117813110351562,-0.01881272904574871,0.4101387858390808
12000.0,-4.540586948394775,0.4936293661594391,-2.2422072887420654,-0.006449707318097353,-0.9117951393127441,-0.01846768707036972,0.41017940640449524
12000.0,-4.540626049041748,0.4936963617801666,-2.2422239780426025,-0.00457365158945322,-0.9119030237197876,-0.017966806888580322,0.4099868834018707
12000.0,-4.540637493133545,0.4937377870082855,-2.242230176925659,-0.003371424973011017,-0.9117845296859741,-0.01825682632625103,0.4102490246295929
12000.0,-4.540568828582764,0.4937562346458435,-2.2421302795410156,-0.0026429342105984688,-0.9113055467605591,-0.018693167716264725,0.4112977087497711
12000.0,-4.54057502746582,0.4938039183616638,-2.242133378982544,-0.0019133699825033545,-0.9111359715461731,-0.01855630800127983,0.41168344020843506
12000.0,-4.5405778884887695,0.4937971830368042,-2.2421305179595947,-0.0006831727223470807,-0.9110063910484314,-0.018650904297828674,0.41196969151496887
12000.0,-4.540249347686768,0.49336573481559753,-2.2421071529388428,-0.010817976668477058,-0.9113127589225769,-0.019377905875444412,0.41111621260643005
12000.0,-4.540279388427734,0.49328839778900146,-2.242112159729004,-0.012266615405678749,-0.9116509556770325,-0.01995781995356083,0.4102972745895386
12000.0,-4.540395259857178,0.49327418208122253,-2.2421162128448486,-0.010270647704601288,-0.9117453694343567,-0.01930360682308674,0.41017359495162964
12000.0,-4.54033899307251,0.4931710660457611,-2.24212908744812,-0.012681927531957626,-0.9115805625915527,-0.019655894488096237,0.4104556143283844
12000.0,-4.54033899307251,0.4931253492832184,-2.2421600818634033,-0.012337485328316689,-0.9117764234542847,-0.019429074600338936,0.41004154086112976
12000.0,-4.540329456329346,0.49318408966064453,-2.2421317100524902,-0.012723728083074093,-0.9117180109024048,-0.01953515037894249,0.4101545810699463
12000.0,-4.540336608886719,0.4932232201099396,-2.2421228885650635,-0.01286405324935913,-0.9117529392242432,-0.019409257918596268,0.4100784957408905
12000.0,-4.540303707122803,0.49324050545692444,-2.2421209812164307,-0.012994471937417984,-0.9116402864456177,-0.01905190385878086,0.4103415310382843
12500.0,-4.540304183959961,0.4932408332824707,-2.242121458053589,-0.013587960042059422,-0.9116690158843994,-0.018973561003804207,0.41026198863983154
12500.0,-4.540392875671387,0.493365079164505,-2.242095947265625,-0.010758556425571442,-0.9116870164871216,-0.018701020628213882,0.4103187024593353
12500.0,-4.540455341339111,0.4934629797935486,-2.2420952320098877,-0.007164178416132927,-0.9114883542060852,-0.019072022289037704,0.41082116961479187
12500.0,-4.540495872497559,0.49357426166534424,-2.2421228885650635,-0.00410225847736001,-0.9113897681236267,-0.018718227744102478,0.41109782457351685
12500.0,-4.540507793426514,0.49367696046829224,-2.242130756378174,-0.0012301532551646233,-0.9112701416015625,-0.019168168306350708,0.41136106848716736
12500.0,-4.540524005889893,0.49374499917030334,-2.2421040534973145,0.0008781247306615114,-0.9111242890357971,-0.018084798008203506,0.4117337167263031
12500.0,-4.540541648864746,0.4937684237957001,-2.2420802116394043,0.0018300260417163372,-0.9109062552452087,-0.018271690234541893,0.4122045338153839
12500.0,-4.540503978729248,0.49376726150512695,-2.2420575618743896,0.001341459108516574,-0.9105967283248901,-0.018825270235538483,0.4128648638725281
12500.0,-4.540485858917236,0.4937182366847992,-2.2420852184295654,0.0004086174594704062,-0.9106975793838501,-0.018511876463890076,0.41265854239463806
12500.0,-4.5404486656188965,0.49366462230682373,-2.2421066761016846,-0.0005809465073980391,-0.910917341709137,-0.01899840496480465,0.4121508002281189
12500.0,-4.54041051864624,0.4936026930809021,-2.2420969009399414,-0.0019079335033893585,-0.911174476146698,-0.01825217343866825,0.4116118848323822
12500.0,-4.540147304534912,0.4932725727558136,-2.2420554161071777,-0.010605478659272194,-0.9111266136169434,-0.019694508984684944,0.41151925921440125
12500.0,-4.54019832611084,0.4932348132133484,-2.242079734802246,-0.012903552502393723,-0.9115503430366516,-0.019180385395884514,0.41053834557533264
12500.0,-4.54029655456543,0.4932974874973297,-2.2420361042022705,-0.01054487843066454,-0.9115009307861328,-0.019495200365781784,0.41070041060447693
12500.0,-4.540343761444092,0.49335962533950806,-2.2420623302459717,-0.007759714499115944,-0.9114580750465393,-0.019508402794599533,0.41085681319236755
12500.0,-4.5403733253479,0.4934384822845459,-2.242074966430664,-0.005138295702636242,-0.9114169478416443,-0.019277941435575485,0.41100013256073
12500.0,-4.5400614738464355,0.4932354986667633,-2.2420153617858887,-0.01040718238800764,-0.9110147953033447,-0.019319111481308937,0.4117893576622009
12500.0,-4.540153503417969,0.49325940012931824,-2.24206805229187,-0.012423700653016567,-0.9114465117454529,-0.018608849495649338,0.4108096957206726
13000.0,-4.540317535400391,0.49340033531188965,-2.2420005798339844,-0.010035255923867226,-0.9116165041923523,-0.019220907241106033,0.4104694724082947
13000.0,-4.540397644042969,0.4934844970703125,-2.242039918899536,-0.007213504519313574,-0.9115937352180481,-0.01913405768573284,0.4105835556983948
13000.0,-4.540450096130371,0.49357718229293823,-2.242046594619751,-0.0036399962846189737,-0.9114903211593628,-0.019591322168707848,0.4108385145664215
13000.0,-4.540481090545654,0.4936765134334564,-2.242048978805542,-0.000491105078253895,-0.9112735390663147,-0.01923849806189537,0.4113517999649048
13000.0,-4.540492057800293,0.49373477697372437,-2.242056131362915,0.001503419945947826,-0.9111128449440002,-0.01870713010430336,0.411729633808136
13000.0,-4.540447235107422,0.4937955439090729,-2.24202036857605,0.001446143607608974,-0.9107417464256287,-0.018765412271022797,0.41254720091819763
13000.0,-4.540389537811279,0.49377307295799255,-2.2420125007629395,0.0006483070901595056,-0.9105798006057739,-0.018544338643550873,0.4129165709018707
13000.0,-4.540078163146973,0.49332866072654724,-2.24200439453125,-0.010408594273030758,-0.9110491871833801,-0.019409051164984703,0.4117090702056885
13000.0,-4.540125370025635,0.4933099150657654,-2.2420315742492676,-0.011864768341183662,-0.9113673567771912,-0.019187575206160545,0.4109753668308258
13000.0,-4.540077209472656,0.4932471513748169,-2.24198579788208,-0.012832319363951683,-0.9112245440483093,-0.01945187710225582,0.4112503230571747
13000.0,-4.54005765914917,0.49325814843177795,-2.2419519424438477,-0.013057135045528412,-0.9111660122871399,-0.019350891932845116,0.41137757897377014
13000.0,-4.540055274963379,0.49318167567253113,-2.24194598197937,-0.012403515167534351,-0.9111383557319641,-0.019693948328495026,0.4114428162574768
13000.0,-4.540064334869385,0.4932017922401428,-2.241947889328003,-0.012429686263203621,-0.9111739993095398,-0.01924661546945572,0.411384254693985
13000.0,-4.540073394775391,0.49326056241989136,-2.2419703006744385,-0.0125117227435112,-0.9113070964813232,-0.018778853118419647,0.41110852360725403
13000.0,-4.5401692390441895,0.4934140145778656,-2.241908550262451,-0.009983498603105545,-0.9113009572029114,-0.018920738250017166,0.41118475794792175
13000.0,-4.540274620056152,0.49352943897247314,-2.2419636249542236,-0.007037869654595852,-0.9112486839294434,-0.01850632019340992,0.4113803803920746
13000.0,-4.540373802185059,0.4936057925224304,-2.2419865131378174,-0.003435577033087611,-0.9112406969070435,-0.019313406199216843,0.41140687465667725
13000.0,-4.540449142456055,0.49367228150367737,-2.2419965267181396,-0.00032513163750991225,-0.91119384765625,-0.019724667072296143,0.41150546073913574
13500.0,-4.540467739105225,0.4937491714954376,-2.241966724395752,0.00040604089736007154,-0.9110020399093628,-0.019735299050807953,0.4119291305541992
13500.0,-4.540443420410156,0.4937382936477661,-2.2419707775115967,0.0011305754305794835,-0.9108176231384277,-0.01951347291469574,0.4123459458351135
13500.0,-4.540429592132568,0.49377715587615967,-2.241968870162964,0.0008137862314470112,-0.9106959104537964,-0.018935104832053185,0.41264262795448303
13500.0,-4.5403852462768555,0.49374306201934814,-2.2419798374176025,0.0008290603291243315,-0.9105964303016663,-0.019206872209906578,0.4128493070602417
13500.0,-4.540388584136963,0.4937826097011566,-2.2419657707214355,0.00022045082005206496,-0.9108180403709412,-0.018423181027173996,0.4123966693878174
13500.0,-4.540065288543701,0.4933735430240631,-2.2419631481170654,-0.010677691549062729,-0.9112533926963806,-0.019936278462409973,0.41122472286224365
13500.0,-4.540111064910889,0.4933072328567505,-2.2420032024383545,-0.012632341124117374,-0.9115888476371765,-0.019229896366596222,0.41045886278152466
13500.0,-4.540143966674805,0.49324241280555725,-2.2419958114624023,-0.012969229370355606,-0.9116458892822266,-0.019182652235031128,0.410323828458786
13500.0,-4.540135860443115,0.49333444237709045,-2.2419092655181885,-0.010254636406898499,-0.9113113284111023,-0.018966704607009888,0.4111531972885132
13500.0,-4.540005683898926,0.49326157569885254,-2.2419135570526123,-0.012412109412252903,-0.9112088084220886,-0.01989228092133999,0.41127684712409973
13500.0,-4.5400614738464355,0.49327749013900757,-2.2419395446777344,-0.013816552236676216,-0.9115051627159119,-0.01869681291282177,0.4106312394142151
13500.0,-4.540042877197266,0.4932074546813965,-2.241943359375,-0.013078278861939907,-0.9113824367523193,-0.019471129402518272,0.4108916223049164
13500.0,-4.540011882781982,0.4931895136833191,-2.241926670074463,-0.012349748983979225,-0.9112344980239868,-0.01970832049846649,0.41123074293136597
13500.0,-4.540097713470459,0.4933147430419922,-2.241898775100708,-0.009535680525004864,-0.9113133549690247,-0.01900291070342064,0.41116422414779663
13500.0,-4.540034770965576,0.49332940578460693,-2.2419769763946533,-0.012323923408985138,-0.9113382697105408,-0.019021136686205864,0.41103389859199524
13500.0,-4.540175914764404,0.4934239387512207,-2.2419562339782715,-0.00998186506330967,-0.9116829037666321,-0.019021447747945786,0.4103326201438904
13500.0,-4.540128231048584,0.49351009726524353,-2.241895914077759,-0.007252901326864958,-0.9112135171890259,-0.018633145838975906,0.4114488959312439
13500.0,-4.540210247039795,0.4936056137084961,-2.2419798374176025,-0.004770610015839338,-0.9112809300422668,-0.01788407564163208,0.4113689959049225
13500.0,-4.540266513824463,0.49367475509643555,-2.2419826984405518,-0.002046524779871106,-0.9113906621932983,-0.018389394506812096,0.41112610697746277
13500.0,-4.540338516235352,0.49368754029273987,-2.2419934272766113,1.045137923938455e-05,-0.9114173054695129,-0.01859842799603939,0.41106289625167847
14000.0,-4.540370941162109,0.49371540546417236,-2.2419826984405518,0.0011581169674172997,-0.9112446904182434,-0.01891479454934597,0.41142919659614563
14000.0,-4.539931297302246,0.49329352378845215,-2.2419302463531494,-0.00935679953545332,-0.911076009273529,-0.019221561029553413,0.4116838574409485
14000.0,-4.539924621582031,0.4932810962200165,-2.2419228553771973,-0.011762592941522598,-0.9111688733100891,-0.019304558634757996,0.41141268610954285
14000.0,-4.540052890777588,0.49336397647857666,-2.2418766021728516,-0.009914830327033997,-0.9114189743995667,-0.018810821697115898,0.41092997789382935
14000.0,-4.539952278137207,0.4932476580142975,-2.2419214248657227,-0.012427364476025105,-0.9111993908882141,-0.019442293792963028,0.41131898760795593
14000.0,-4.539926052093506,0.49322283267974854,-2.2419188022613525,-0.013118666596710682,-0.9112705588340759,-0.019607817754149437,0.411131888628006
14000.0,-4.540004253387451,0.4933098256587982,-2.241884708404541,-0.01029446255415678,-0.9112857580184937,-0.01900436170399189,0.4112071096897125
14000.0,-4.539895534515381,0.4931984543800354,-2.241938591003418,-0.012329697608947754,-0.9111417531967163,-0.019702164456248283,0.4114372730255127
14000.0,-4.540004730224609,0.4933110773563385,-2.2418923377990723,-0.009867091663181782,-0.9113549590110779,-0.019099140539765358,0.411059707403183
14000.0,-4.540090560913086,0.49340924620628357,-2.2419726848602295,-0.00752216624096036,-0.911290168762207,-0.01839403435587883,0.4112851619720459
14000.0,-4.540076732635498,0.4935263991355896,-2.2419440746307373,-0.004169398918747902,-0.9109440445899963,-0.018349742516875267,0.41210073232650757
14000.0,-4.540173530578613,0.49366775155067444,-2.241971731185913,-0.0009404321317560971,-0.9109531044960022,-0.01850568689405918,0.4120936989784241
14000.0,-4.539930820465088,0.4933916926383972,-2.2419841289520264,-0.00891245249658823,-0.9113630056381226,-0.018815428018569946,0.41107672452926636
14000.0,-4.5401291847229,0.49344906210899353,-2.2419798374176025,-0.007570482790470123,-0.9118983149528503,-0.018820524215698242,0.4099147319793701
14000.0,-4.5401105880737305,0.49354541301727295,-2.2419168949127197,-0.006543787661939859,-0.9113498330116272,-0.01779230870306492,0.41119593381881714
14000.0,-4.540096282958984,0.49358701705932617,-2.241926908493042,-0.0040441835299134254,-0.9111111760139465,-0.01804410293698311,0.41174593567848206
14000.0,-4.540075778961182,0.49367377161979675,-2.2419345378875732,-0.0015414495719596744,-0.910904049873352,-0.017768504098057747,0.4122326374053955
14000.0,-4.540073871612549,0.49373647570610046,-2.2419235706329346,4.6989473048597574e-05,-0.9107155799865723,-0.017973851412534714,0.4126429557800293
14000.0,-4.540099143981934,0.4937567710876465,-2.241926908493042,0.0009129038662649691,-0.9107850193977356,-0.01751510240137577,0.4125082194805145
14000.0,-4.540060520172119,0.49376043677330017,-2.2419304847717285,0.0005465607391670346,-0.9105477929115295,-0.017440086230635643,0.4130353629589081
14000.0,-4.540040493011475,0.4936831295490265,-2.2419180870056152,-7.56182344048284e-05,-0.9105023741722107,-0.017824359238147736,0.41311946511268616
14500.0,-4.540048122406006,0.4936055541038513,-2.241931438446045,-0.0011818250641226768,-0.9106534719467163,-0.018088482320308685,0.41277313232421875
14500.0,-4.540019512176514,0.4935545027256012,-2.241913318634033,-0.002725229598581791,-0.9107301831245422,-0.018106549978256226,0.4125959575176239
14500.0,-4.540003776550293,0.49351000785827637,-2.2419002056121826,-0.004003104288130999,-0.910942792892456,-0.018553465604782104,0.4120959937572479
14500.0,-4.539755821228027,0.49322471022605896,-2.241854429244995,-0.011404567398130894,-0.9109142422676086,-0.019661378115415573,0.4119691848754883
14500.0,-4.539928913116455,0.49331995844841003,-2.2418406009674072,-0.010386401787400246,-0.9113287925720215,-0.018697375431656837,0.4111233353614807
14500.0,-4.539831161499023,0.4932410418987274,-2.2418885231018066,-0.012857947498559952,-0.9113333225250244,-0.01929420605301857,0.41101568937301636
14500.0,-4.539836883544922,0.4932444095611572,-2.241859197616577,-0.013109595514833927,-0.9113671183586121,-0.019559094682335854,0.4109204113483429
14500.0,-4.539849281311035,0.49327901005744934,-2.2418463230133057,-0.013403437100350857,-0.9113110899925232,-0.01917208358645439,0.4110533595085144
14500.0,-4.5399346351623535,0.49341756105422974,-2.2418103218078613,-0.01063994038850069,-0.9113178253173828,-0.01918245293200016,0.41111910343170166
14500.0,-4.539944648742676,0.493508517742157,-2.241854667663574,-0.0067967614158988,-0.9111244082450867,-0.018546056002378464,0.41165804862976074
14500.0,-4.539992332458496,0.49366673827171326,-2.241873264312744,-0.0031128653790801764,-0.9109708666801453,-0.01770726405084133,0.4120786786079407
14500.0,-4.5400285720825195,0.4937646687030792,-2.241885185241699,0.00020840848446823657,-0.9108859896659851,-0.01739511638879776,0.4122912585735321
14500.0,-4.539642333984375,0.49340561032295227,-2.2418322563171387,-0.008248675614595413,-0.9105528593063354,-0.019025221467018127,0.4128722846508026
14500.0,-4.539826393127441,0.4935179650783539,-2.2418429851531982,-0.0070007494650781155,-0.9113366007804871,-0.018205488100647926,0.41119956970214844
14500.0,-4.5399394035339355,0.4935666024684906,-2.241856813430786,-0.005512652453035116,-0.9111806750297546,-0.017869381234049797,0.41158241033554077
14500.0,-4.539952754974365,0.4936104416847229,-2.2418501377105713,-0.0038737414870411158,-0.9108434319496155,-0.017970619723200798,0.4123426377773285
14500.0,-4.539672374725342,0.49322566390037537,-2.241830825805664,-0.010525808669626713,-0.910833477973938,-0.01965075545012951,0.41217169165611267
14500.0,-4.539705276489258,0.49319905042648315,-2.241826057434082,-0.012114345096051693,-0.9111029505729675,-0.01972852647304535,0.41152819991111755
14500.0,-4.5398478507995605,0.4933197796344757,-2.241778612136841,-0.0105217806994915,-0.9113141298294067,-0.01887279562652111,0.4111444652080536
15000.0,-4.539720058441162,0.49318185448646545,-2.241816997528076,-0.013182613998651505,-0.9112644791603088,-0.020111287012696266,0.41111892461776733
15000.0,-4.539824962615967,0.49326813220977783,-2.241809844970703,-0.010001190938055515,-0.911465048789978,-0.019345905631780624,0.4108007550239563
15000.0,-4.539690017700195,0.49321916699409485,-2.241818904876709,-0.011422167532145977,-0.9112011194229126,-0.019482847303152084,0.4113425314426422
15000.0,-4.539786338806152,0.49335622787475586,-2.2417726516723633,-0.009100439958274364,-0.9113425612449646,-0.01913667656481266,0.4111030101776123
15000.0,-4.53984260559082,0.49348852038383484,-2.241802453994751,-0.007029661443084478,-0.9111482501029968,-0.018670614808797836,0.4115956723690033
15000.0,-4.5398945808410645,0.4936027526855469,-2.241824150085449,-0.003999762702733278,-0.9111741781234741,-0.018092060461640358,0.41160470247268677
15000.0,-4.539602756500244,0.49337682127952576,-2.2417871952056885,-0.010410196147859097,-0.9109818935394287,-0.018763823434710503,0.41188791394233704
15000.0,-4.539613246917725,0.493312269449234,-2.241779088973999,-0.012161691673099995,-0.9110721349716187,-0.019317694008350372,0.41161468625068665
15000.0,-4.539674758911133,0.49329736828804016,-2.241804361343384,-0.013157721608877182,-0.9113628268241882,-0.019413361325860023,0.41093528270721436
15000.0,-4.53981351852417,0.493412047624588,-2.2417843341827393,-0.010576877743005753,-0.9115948677062988,-0.01844746060669422,0.41053956747055054
15000.0,-4.539681911468506,0.4933077096939087,-2.2418103218078613,-0.012767544947564602,-0.9114643335342407,-0.019255438819527626,0.41072991490364075
15000.0,-4.539645195007324,0.49326270818710327,-2.2417848110198975,-0.012872240506112576,-0.911469042301178,-0.01954573579132557,0.4107023775577545
15000.0,-4.5396623611450195,0.49325326085090637,-2.241769313812256,-0.0131238317117095,-0.9115002155303955,-0.01918102614581585,0.41064244508743286
15000.0,-4.539656162261963,0.4932425618171692,-2.2417733669281006,-0.013131493702530861,-0.9113836288452148,-0.0195735152810812,0.4108823835849762
15000.0,-4.539646625518799,0.49323010444641113,-2.2417659759521484,-0.012759924866259098,-0.9114747047424316,-0.01937888190150261,0.4107012450695038
15000.0,-4.539651393890381,0.49320462346076965,-2.2417831420898438,-0.012550363317131996,-0.9115945100784302,-0.019481481984257698,0.41043680906295776
15000.0,-4.539653301239014,0.4932500422000885,-2.2417373657226562,-0.012980327941477299,-0.9115541577339172,-0.019590625539422035,0.4105079472064972
15000.0,-4.5396342277526855,0.4932241439819336,-2.2417614459991455,-0.012817868031561375,-0.911526083946228,-0.018927423283457756,0.41060638427734375
15000.0,-4.539618492126465,0.4932458996772766,-2.2417473793029785,-0.01311559695750475,-0.9114562273025513,-0.01935618929564953,0.41073212027549744
15000.0,-4.53958797454834,0.4932820796966553,-2.241736888885498,-0.012833798304200172,-0.911342203617096,-0.019595617428421974,0.4109826385974884
15000.0,-4.539627552032471,0.49331676959991455,-2.2417221069335938,-0.012651081196963787,-0.9114391803741455,-0.01902814209461212,0.4107998013496399
15500.0,-4.539628505706787,0.4932948052883148,-2.2417361736297607,-0.01284137461334467,-0.9114707708358765,-0.019294578582048416,0.410711407661438
15500.0,-4.5396199226379395,0.49334508180618286,-2.2417540550231934,-0.013183610513806343,-0.9115375876426697,-0.01921171322464943,0.4105560779571533
15500.0,-4.5396199226379395,0.4933161437511444,-2.2417354583740234,-0.01322085503488779,-0.9114858508110046,-0.019061943516135216,0.4106767475605011
15500.0,-4.539600849151611,0.49331042170524597,-2.2417242527008057,-0.012836477719247341,-0.9114713072776794,-0.019032491371035576,0.41072261333465576
15500.0,-4.539586067199707,0.4932766854763031,-2.241727113723755,-0.012739759869873524,-0.9114043116569519,-0.01960580050945282,0.4108472466468811
15500.0,-4.539582252502441,0.4933255612850189,-2.2417166233062744,-0.012931114993989468,-0.9113983511924744,-0.01914270780980587,0.4108763635158539
15500.0,-4.539575099945068,0.4933280050754547,-2.241703510284424,-0.013645684346556664,-0.9113871455192566,-0.019384732469916344,0.41086673736572266
15500.0,-4.539577007293701,0.49328693747520447,-2.241676092147827,-0.012919978238642216,-0.9112964272499084,-0.019269172102212906,0.41109687089920044
15500.0,-4.539554595947266,0.49324026703834534,-2.2416675090789795,-0.013008613139390945,-0.9112486839294434,-0.01947266049683094,0.4111902117729187
15500.0,-4.539552688598633,0.4931924641132355,-2.2416937351226807,-0.012528217397630215,-0.9113028049468994,-0.01961795799434185,0.4110783636569977
15500.0,-4.53950834274292,0.4932267963886261,-2.2416555881500244,-0.013334293849766254,-0.9112579822540283,-0.02053455263376236,0.41110754013061523
15500.0,-4.539516448974609,0.4932352602481842,-2.241678476333618,-0.013824366964399815,-0.9113540649414062,-0.01937340945005417,0.41093477606773376
15500.0,-4.539495468139648,0.4932551085948944,-2.2416837215423584,-0.014093575067818165,-0.9113038182258606,-0.018862010911107063,0.4110608398914337
15500.0,-4.539521217346191,0.4932897388935089,-2.2416815757751465,-0.01298987865447998,-0.9113974571228027,-0.019118785858154297,0.4108775556087494
15500.0,-4.539493083953857,0.49326440691947937,-2.2416861057281494,-0.012964565306901932,-0.9113278388977051,-0.019865548238158226,0.4109973907470703
15500.0,-4.539483547210693,0.49322310090065,-2.2416882514953613,-0.012597459368407726,-0.9113295078277588,-0.01995008811354637,0.41100096702575684
15500.0,-4.539498805999756,0.4932825267314911,-2.2416911125183105,-0.012716062366962433,-0.9113962054252625,-0.01937575824558735,0.41087692975997925
15500.0,-4.539490699768066,0.49330204725265503,-2.2416768074035645,-0.013262157328426838,-0.9114549160003662,-0.019287023693323135,0.41073355078697205
16000.0,-4.53948450088501,0.4932769238948822,-2.2416744232177734,-0.013213568367064,-0.9113864898681641,-0.019425857812166214,0.4108803868293762
16000.0,-4.53944730758667,0.4932815730571747,-2.2416505813598633,-0.01303302962332964,-0.9112422466278076,-0.019757315516471863,0.4111901819705963
16000.0,-4.539407253265381,0.49328237771987915,-2.2416584491729736,-0.013190791010856628,-0.9112514853477478,-0.019270077347755432,0.4111878573894501
16000.0,-4.539400100708008,0.4933471381664276,-2.241654396057129,-0.013433139771223068,-0.9113160371780396,-0.019086023792624474,0.4110454022884369
16000.0,-4.539443492889404,0.4933229386806488,-2.2416722774505615,-0.01288364827632904,-0.9114252328872681,-0.018827835097908974,0.41083279252052307
16000.0,-4.539412498474121,0.4932557940483093,-2.2416467666625977,-0.012812412343919277,-0.9112064242362976,-0.019966784864664078,0.4112663269042969
16000.0,-4.539396286010742,0.4931783080101013,-2.2416396141052246,-0.01270429790019989,-0.9112152457237244,-0.02020152285695076,0.41123872995376587
16000.0,-4.539401054382324,0.49320510029792786,-2.2416396141052246,-0.013013600371778011,-0.9113797545433044,-0.01986103318631649,0.4108809232711792
16000.0,-4.539374828338623,0.4932570457458496,-2.2416558265686035,-0.013507538475096226,-0.9113832712173462,-0.019629482179880142,0.4108682870864868
16000.0,-4.539326190948486,0.4932689368724823,-2.2416446208953857,-0.01340639591217041,-0.9112139344215393,-0.019242675974965096,0.4112653434276581
16000.0,-4.539363861083984,0.49326181411743164,-2.2416272163391113,-0.013355880975723267,-0.9112597107887268,-0.01929398998618126,0.4111631512641907
16000.0,-4.539412975311279,0.4932557940483093,-2.2416417598724365,-0.013161472976207733,-0.9115718603134155,-0.019281679764389992,0.41047748923301697
16000.0,-4.539374828338623,0.49325862526893616,-2.2416350841522217,-0.01344873197376728,-0.9113927483558655,-0.019148627296090126,0.4108719229698181
16000.0,-4.539366245269775,0.49328628182411194,-2.2416152954101562,-0.013534871861338615,-0.91127610206604,-0.018914759159088135,0.4111386239528656
16000.0,-4.539363384246826,0.4932742714881897,-2.241628408432007,-0.01367651391774416,-0.9113010764122009,-0.019689055159687996,0.411042183637619
16000.0,-4.539368152618408,0.4932926893234253,-2.241598606109619,-0.013630312867462635,-0.9113194346427917,-0.01952947862446308,0.4110105633735657
16000.0,-4.539379596710205,0.49332672357559204,-2.2415947914123535,-0.013182533904910088,-0.9114003777503967,-0.0191737599670887,0.41086241602897644
16000.0,-4.5393781661987305,0.4933256506919861,-2.241597890853882,-0.01290265005081892,-0.9114218950271606,-0.01894528605043888,0.4108342230319977
16000.0,-4.53934383392334,0.49333497881889343,-2.2416067123413086,-0.013778326101601124,-0.9113538861274719,-0.01891160011291504,0.4109581410884857
16000.0,-4.5392985343933105,0.49331870675086975,-2.2416083812713623,-0.013437632471323013,-0.9112758040428162,-0.019533326849341393,0.4111135005950928
16500.0,-4.5392842292785645,0.49337199330329895,-2.2415645122528076,-0.013796188868582249,-0.9112622141838074,-0.01888427324593067,0.41116204857826233
16500.0,-4.5392961502075195,0.49336227774620056,-2.2415478229522705,-0.014461646787822247,-0.9114004373550415,-0.019040323793888092,0.4108254313468933
16500.0,-4.539254188537598,0.49325335025787354,-2.241563320159912,-0.014255343936383724,-0.9113422632217407,-0.01902749016880989,0.4109622538089752
16500.0,-4.539284706115723,0.49328237771987915,-2.2415640354156494,-0.013446337543427944,-0.9113657474517822,-0.018551334738731384,0.4109593331813812
16500.0,-4.539246082305908,0.4932718873023987,-2.241560220718384,-0.014080182649195194,-0.9112226366996765,-0.018908290192484856,0.41123899817466736
16500.0,-4.539236545562744,0.49325013160705566,-2.241546630859375,-0.0134924640879035,-0.911252498626709,-0.01944294013082981,0.41116762161254883
16500.0,-4.539231300354004,0.49328088760375977,-2.2415719032287598,-0.013211837038397789,-0.9113408327102661,-0.018874026834964752,0.4110074043273926
16500.0,-4.539196014404297,0.493310809135437,-2.2415266036987305,-0.01376228779554367,-0.9111948013305664,-0.01908896677196026,0.4113031029701233
16500.0,-4.53916072845459,0.4932900071144104,-2.241513252258301,-0.013721735216677189,-0.9111490845680237,-0.0189548060297966,0.41141191124916077
16500.0,-4.539158821105957,0.4933050870895386,-2.241525650024414,-0.013825262896716595,-0.9112107753753662,-0.018720071762800217,0.41128259897232056
16500.0,-4.539159297943115,0.4933532774448395,-2.241513967514038,-0.014452207833528519,-0.9111629724502563,-0.018722830340266228,0.4113667607307434
16500.0,-4.539178848266602,0.4933090806007385,-2.2415528297424316,-0.01343455445021391,-0.9111647009849548,-0.019088348373770714,0.41138067841529846
16500.0,-4.539178371429443,0.49331867694854736,-2.2415223121643066,-0.013202938251197338,-0.9112957715988159,-0.0188609566539526,0.41110819578170776
16500.0,-4.539165496826172,0.4933328330516815,-2.2415177822113037,-0.013836799189448357,-0.9112749099731445,-0.018788104876875877,0.4111368954181671
16500.0,-4.539149284362793,0.4933243989944458,-2.241537570953369,-0.013381578959524632,-0.9113125801086426,-0.018451863899827003,0.41108381748199463
16500.0,-4.539121627807617,0.49332746863365173,-2.2415213584899902,-0.013762340880930424,-0.9112868905067444,-0.018411943688988686,0.411129891872406
16500.0,-4.539148330688477,0.49333900213241577,-2.241529703140259,-0.013331779278814793,-0.911371111869812,-0.018353411927819252,0.41096001863479614
16500.0,-4.539134502410889,0.49331140518188477,-2.241525173187256,-0.01347691472619772,-0.9112706184387207,-0.01858055405318737,0.4111678898334503
17000.0,-4.53909158706665,0.49330687522888184,-2.241511106491089,-0.013881676830351353,-0.9112800359725952,-0.018275076523423195,0.41114717721939087
17000.0,-4.539059638977051,0.4932987093925476,-2.2414743900299072,-0.013583456166088581,-0.9111475944519043,-0.019021088257431984,0.41141679883003235
17000.0,-4.53902006149292,0.49331870675086975,-2.2414658069610596,-0.014041231945157051,-0.9111638069152832,-0.018525604158639908,0.41138800978660583
17000.0,-4.539031982421875,0.49333006143569946,-2.241478681564331,-0.014128237031400204,-0.9112317562103271,-0.018178170546889305,0.4112500548362732
17000.0,-4.5390448570251465,0.4933070242404938,-2.241478681564331,-0.014204389415681362,-0.9112734794616699,-0.018106797710061073,0.4111582040786743
17000.0,-4.539030075073242,0.4933350682258606,-2.2414636611938477,-0.014377815648913383,-0.9111957550048828,-0.017908966168761253,0.41133323311805725
17000.0,-4.538994312286377,0.4933018088340759,-2.24147629737854,-0.013819449581205845,-0.9112572073936462,-0.018164977431297302,0.41120481491088867
17000.0,-4.538964748382568,0.4933052062988281,-2.241457223892212,-0.014069030992686749,-0.9112334251403809,-0.01807457022368908,0.4112529754638672
17000.0,-4.538932800292969,0.49333804845809937,-2.2414612770080566,-0.013848887756466866,-0.9110240340232849,-0.018077263608574867,0.4117239713668823
17000.0,-4.538889408111572,0.4933340847492218,-2.2414488792419434,-0.013525946997106075,-0.9109872579574585,-0.018143625929951668,0.41181308031082153
17000.0,-4.538896083831787,0.49336522817611694,-2.241445302963257,-0.014144067652523518,-0.9110541343688965,-0.017859026789665222,0.41165685653686523
17000.0,-4.5388922691345215,0.49334558844566345,-2.241427183151245,-0.01350026298314333,-0.9110569953918457,-0.017975574359297752,0.41166698932647705
17000.0,-4.538858890533447,0.49335968494415283,-2.2414023876190186,-0.013859372586011887,-0.9108911752700806,-0.018446067348122597,0.4120011329650879
17000.0,-4.538809776306152,0.493380606174469,-2.241403579711914,-0.013758900575339794,-0.9109230041503906,-0.017599308863282204,0.41197115182876587
17000.0,-4.538788795471191,0.49334806203842163,-2.2414159774780273,-0.01406171079725027,-0.9109360575675964,-0.01743752881884575,0.41193902492523193
17000.0,-4.538771152496338,0.49335163831710815,-2.2414252758026123,-0.014750450849533081,-0.9108811020851135,-0.01704578287899494,0.412052720785141
17000.0,-4.538752555847168,0.4933803379535675,-2.241381883621216,-0.014787114225327969,-0.9109476804733276,-0.017520200461149216,0.4118843972682953
17000.0,-4.538743019104004,0.49338892102241516,-2.2413949966430664,-0.014510360546410084,-0.9109465479850769,-0.017678093165159225,0.4118899405002594
17000.0,-4.538721084594727,0.4933750331401825,-2.241393804550171,-0.013937197625637054,-0.9109842777252197,-0.017493214458227158,0.41183415055274963
17000.0,-4.538663387298584,0.49337005615234375,-2.2413673400878906,-0.014561471529304981,-0.9108312726020813,-0.017502887174487114,0.41215047240257263
17000.0,-4.538649082183838,0.49336129426956177,-2.241375207901001,-0.014699500985443592,-0.9109666347503662,-0.017888452857732773,0.4118296802043915
17500.0,-4.538656711578369,0.493392676115036,-2.2413742542266846,-0.014490367844700813,-0.9108715057373047,-0.017274951562285423,0.41207361221313477
17500.0,-4.53863000869751,0.4934123158454895,-2.2413675785064697,-0.013933131471276283,-0.9108244180679321,-0.017171097919344902,0.4122013449668884
17500.0,-4.538608551025391,0.49338585138320923,-2.2413394451141357,-0.014530517160892487,-0.9107838273048401,-0.017076963558793068,0.41227418184280396
17500.0,-4.538593769073486,0.4933947026729584,-2.2413501739501953,-0.01438931468874216,-0.9107067584991455,-0.017135867848992348,0.4124469459056854
17500.0,-4.538588047027588,0.4933969974517822,-2.241365909576416,-0.014037461020052433,-0.9107748866081238,-0.01686841808259487,0.4123196601867676
17500.0,-4.538586139678955,0.4934023320674896,-2.2413485050201416,-0.01390859391540289,-0.9108277559280396,-0.016686003655195236,0.41221460700035095
17500.0,-4.538544178009033,0.4934101700782776,-2.2413413524627686,-0.01496561523526907,-0.9106540083885193,-0.017193717882037163,0.4125405550003052
17500.0,-4.538506031036377,0.49339404702186584,-2.241334915161133,-0.014924981631338596,-0.91066974401474,-0.016790663823485374,0.41252392530441284
17500.0,-4.53848123550415,0.4934445023536682,-2.2413110733032227,-0.015133246779441833,-0.9105468988418579,-0.01720685139298439,0.41277027130126953
17500.0,-4.538491249084473,0.49342501163482666,-2.241325855255127,-0.014906150288879871,-0.9107687473297119,-0.0170169398188591,0.4122966229915619
17500.0,-4.538482189178467,0.4933835566043854,-2.2413220405578613,-0.013973723165690899,-0.9107500910758972,-0.017246495932340622,0.41236093640327454
17500.0,-4.538444519042969,0.493532657623291,-2.2413322925567627,-0.015538736246526241,-0.9106343984603882,-0.01961090788245201,0.4124549627304077
17500.0,-4.538362503051758,0.49341675639152527,-2.241314172744751,-0.014754722826182842,-0.9106515049934387,-0.016598716378211975,0.4125780463218689
17500.0,-4.53837251663208,0.49346718192100525,-2.2413110733032227,-0.014902548864483833,-0.9106268882751465,-0.015918195247650146,0.4126538336277008
17500.0,-4.538359642028809,0.49357855319976807,-2.2413201332092285,-0.015169333666563034,-0.9104153513908386,-0.01899934560060501,0.41298067569732666
17500.0,-4.53835391998291,0.493425577878952,-2.2412772178649902,-0.014407895505428314,-0.9107329845428467,-0.016532836481928825,0.41241317987442017
17500.0,-4.538304328918457,0.49352625012397766,-2.241300106048584,-0.01608430966734886,-0.9105180501937866,-0.01895817555487156,0.4127211272716522
17500.0,-4.538321018218994,0.4936552047729492,-2.2413344383239746,-0.017267556861042976,-0.9109200239181519,-0.020616082474589348,0.4117056727409363
17500.0,-4.538303852081299,0.49372750520706177,-2.241380453109741,-0.017868712544441223,-0.9111583232879639,-0.022856075316667557,0.4110339879989624
18000.0,-4.538196086883545,0.49392616748809814,-2.2414379119873047,-0.018879232928156853,-0.9112346172332764,-0.0234527625143528,0.41078585386276245
18000.0,-4.538084030151367,0.49407219886779785,-2.241525173187256,-0.018150655552744865,-0.9111725687980652,-0.025311660021543503,0.4108460247516632
18000.0,-4.538043022155762,0.4942249059677124,-2.2416388988494873,-0.01830957643687725,-0.9114980697631836,-0.024707505479454994,0.4101530909538269
18000.0,-4.5380048751831055,0.49416306614875793,-2.241560935974121,-0.017659645527601242,-0.91130131483078,-0.024723149836063385,0.4106175899505615
18000.0,-4.5380401611328125,0.49420204758644104,-2.2415316104888916,-0.01744079776108265,-0.9114415645599365,-0.024586932733654976,0.41032376885414124
18000.0,-4.538041591644287,0.4941357672214508,-2.241546154022217,-0.01673422008752823,-0.9115028977394104,-0.025340057909488678,0.4101710617542267
18000.0,-4.538025379180908,0.4941464960575104,-2.2415473461151123,-0.016094382852315903,-0.9115843772888184,-0.025193538516759872,0.41002461314201355
18000.0,-4.537963390350342,0.4941631853580475,-2.241577625274658,-0.01558747049421072,-0.9114652872085571,-0.025683799758553505,0.41027840971946716
18000.0,-4.537882328033447,0.4942793846130371,-2.2415480613708496,-0.013408969156444073,-0.911220908164978,-0.025230830535292625,0.4109257459640503
18000.0,-4.537581920623779,0.49422743916511536,-2.2412962913513184,-0.00856136716902256,-0.9097099304199219,-0.02676788717508316,0.41429218649864197
18000.0,-4.537504196166992,0.49440082907676697,-2.2412970066070557,-0.0059432354755699635,-0.9095064997673035,-0.02633950300514698,0.4148118197917938
18000.0,-4.537430763244629,0.4943526089191437,-2.241175413131714,-0.004691215232014656,-0.9090917706489563,-0.026902686804533005,0.41570013761520386
18000.0,-4.537293434143066,0.49424031376838684,-2.241032838821411,-0.004550578538328409,-0.908419668674469,-0.028059298172593117,0.41709211468696594
18000.0,-4.5373430252075195,0.4942800998687744,-2.2411179542541504,-0.005239243619143963,-0.9088142514228821,-0.02686268277466297,0.41630232334136963
18000.0,-4.537225246429443,0.4942871928215027,-2.2409863471984863,-0.005341461393982172,-0.9083058834075928,-0.028255246579647064,0.4173171818256378
18000.0,-4.537380218505859,0.49436306953430176,-2.2411563396453857,-0.005577701609581709,-0.9089740514755249,-0.026569034904241562,0.4159676730632782
18000.0,-4.537326812744141,0.49433085322380066,-2.241051435470581,-0.005342824850231409,-0.9088068604469299,-0.02690996415913105,0.41631412506103516
18000.0,-4.537359237670898,0.4943161904811859,-2.241133213043213,-0.005765676498413086,-0.9089995622634888,-0.02663540467619896,0.4159051477909088
18000.0,-4.537347316741943,0.4943413734436035,-2.241121768951416,-0.006141794379800558,-0.9088802337646484,-0.026342904195189476,0.4161790609359741
18000.0,-4.537281513214111,0.4943638741970062,-2.241082191467285,-0.0063675278797745705,-0.9086487293243408,-0.02693183720111847,0.41664332151412964
18000.0,-4.537326335906982,0.4944424033164978,-2.241109609603882,-0.006665707565844059,-0.9090091586112976,-0.025910260155797005,0.4159165620803833
18500.0,-4.5374908447265625,0.49454742670059204,-2.2413508892059326,-0.007418429013341665,-0.9100579023361206,-0.02383795753121376,0.4137287437915802
18500.0,-4.537347316741943,0.49445435404777527,-2.2411632537841797,-0.006774951703846455,-0.9094237685203552,-0.024737218394875526,0.41507911682128906
18500.0,-4.537296295166016,0.49438124895095825,-2.241163969039917,-0.006813758052885532,-0.9092807769775391,-0.02553306333720684,0.41534343361854553
18500.0,-4.5373005867004395,0.4944630563259125,-2.2411835193634033,-0.007135873660445213,-0.9094101190567017,-0.025496136397123337,0.41505691409111023
18500.0,-4.537294387817383,0.49448227882385254,-2.2411952018737793,-0.007173502817749977,-0.9093790054321289,-0.025505635887384415,0.4151241183280945
18500.0,-4.537271499633789,0.49450451135635376,-2.2411696910858154,-0.00708817970007658,-0.9094850420951843,-0.02529851347208023,0.4149056375026703
18500.0,-4.537564277648926,0.49467429518699646,-2.241471767425537,-0.009276305325329304,-0.9110889434814453,-0.023035580292344093,0.41146114468574524
18500.0,-4.537517547607422,0.4946284592151642,-2.241481065750122,-0.00881209410727024,-0.9109929203987122,-0.023329617455601692,0.4116672873497009
18500.0,-4.537571430206299,0.4947231411933899,-2.241528272628784,-0.008939155377447605,-0.9114205837249756,-0.022637877613306046,0.41075554490089417
18500.0,-4.537541389465332,0.4947320818901062,-2.2414934635162354,-0.009050737135112286,-0.911350667476654,-0.02265523001551628,0.4109072685241699
18500.0,-4.537520885467529,0.4947222173213959,-2.2414915561676025,-0.009087149053812027,-0.9113872647285461,-0.022723563015460968,0.41082143783569336
18500.0,-4.537515163421631,0.4947098195552826,-2.241499662399292,-0.00928491074591875,-0.9114055633544922,-0.022566508501768112,0.41078510880470276
18500.0,-4.537479877471924,0.4947175681591034,-2.241483688354492,-0.009002183564007282,-0.9113688468933105,-0.02257596142590046,0.4108724594116211
18500.0,-4.5373053550720215,0.49459636211395264,-2.241283893585205,-0.007220650091767311,-0.9103097915649414,-0.02451813407242298,0.4131377935409546
18500.0,-4.537409782409668,0.49474912881851196,-2.2414369583129883,-0.00812007486820221,-0.9111834168434143,-0.023107357323169708,0.4112723767757416
18500.0,-4.537252902984619,0.49466001987457275,-2.241276741027832,-0.007169677410274744,-0.9104436039924622,-0.023949937894940376,0.4128771722316742
18500.0,-4.537379264831543,0.49474576115608215,-2.241412401199341,-0.007888698019087315,-0.9112502932548523,-0.02343720570206642,0.4111097753047943
18500.0,-4.537384033203125,0.49474114179611206,-2.2413597106933594,-0.008006656542420387,-0.9112211465835571,-0.023160923272371292,0.4111877977848053
18500.0,-4.537171840667725,0.494596391916275,-2.241137981414795,-0.006756271701306105,-0.9100766777992249,-0.024844037368893623,0.4136395752429962
18500.0,-4.5373125076293945,0.4947490096092224,-2.241356134414673,-0.007699501235038042,-0.9111472368240356,-0.023235157132148743,0.41135329008102417
19000.0,-4.537126064300537,0.49465522170066833,-2.2411205768585205,-0.006651110481470823,-0.9099892973899841,-0.02469085156917572,0.4138426184654236
19000.0,-4.537107467651367,0.49467289447784424,-2.2410991191864014,-0.006033286917954683,-0.9101353287696838,-0.024788619950413704,0.4135248363018036
19000.0,-4.537261962890625,0.49476736783981323,-2.2413101196289062,-0.007715319748967886,-0.9110373258590698,-0.023098990321159363,0.4116038978099823
19000.0,-4.536984443664551,0.4945767819881439,-2.2409865856170654,-0.005734351929277182,-0.9095179438591003,-0.02458273433148861,0.41489747166633606
19000.0,-4.5367937088012695,0.49450379610061646,-2.240840435028076,-0.0046162656508386135,-0.9087903499603271,-0.02632809244096279,0.4163958728313446
19000.0,-4.537075042724609,0.49470725655555725,-2.24118971824646,-0.006389274727553129,-0.9103740453720093,-0.023927463218569756,0.4130447208881378
19000.0,-4.537233829498291,0.4948205351829529,-2.2413065433502197,-0.007815476506948471,-0.9112393856048584,-0.02293018065392971,0.4111643433570862
19000.0,-4.537010669708252,0.4946163296699524,-2.2410483360290527,-0.006891348399221897,-0.9100340008735657,-0.02496083825826645,0.4137241244316101
19000.0,-4.537107944488525,0.4946647882461548,-2.2411818504333496,-0.00821517501026392,-0.9105973839759827,-0.023966925218701363,0.4125174582004547
19000.0,-4.537173271179199,0.4947262704372406,-2.2412641048431396,-0.008816633373498917,-0.9110419154167175,-0.02302081696689129,0.41157636046409607
19000.0,-4.537023067474365,0.49469897150993347,-2.2411091327667236,-0.007584036327898502,-0.9103753566741943,-0.0240675937384367,0.4130133092403412
19000.0,-4.537164688110352,0.49484875798225403,-2.2412772178649902,-0.008867242373526096,-0.9114187359809875,-0.022924594581127167,0.4107453227043152
19000.0,-4.537128448486328,0.4947676658630371,-2.241253614425659,-0.008068188093602657,-0.9111752510070801,-0.023029770702123642,0.41129571199417114
19000.0,-4.537050247192383,0.49474960565567017,-2.2411820888519287,-0.007520054932683706,-0.910845935344696,-0.023551903665065765,0.41200536489486694
19000.0,-4.537047386169434,0.4948233962059021,-2.2412333488464355,-0.00780373252928257,-0.9112077355384827,-0.023102201521396637,0.4112248718738556
19000.0,-4.537042140960693,0.49482277035713196,-2.2412149906158447,-0.007105300668627024,-0.9111902713775635,-0.023371167480945587,0.4112609922885895
19000.0,-4.536923408508301,0.49471786618232727,-2.241122007369995,-0.006410729140043259,-0.910560667514801,-0.02418806403875351,0.41261735558509827
19000.0,-4.536924362182617,0.49473699927330017,-2.2411441802978516,-0.0064965118654072285,-0.9108976721763611,-0.023609584197402,0.4119051396846771
19000.0,-4.536956787109375,0.49479421973228455,-2.2411553859710693,-0.006645194720476866,-0.9109827876091003,-0.023625776171684265,0.41171354055404663
19500.0,-4.5367512702941895,0.4946979284286499,-2.2409417629241943,-0.0057416451163589954,-0.9100466370582581,-0.02534576505422592,0.413690447807312
19500.0,-4.536718845367432,0.49469396471977234,-2.2409586906433105,-0.0060561117716133595,-0.9099897742271423,-0.024942759424448013,0.4138354957103729
19500.0,-4.536786079406738,0.4947623014450073,-2.241079092025757,-0.006017353385686874,-0.9106915593147278,-0.02414874918758869,0.4123367965221405
19500.0,-4.536811351776123,0.49479347467422485,-2.241096019744873,-0.0061282748356461525,-0.9107868075370789,-0.024640023708343506,0.41209545731544495
19500.0,-4.536746025085449,0.49473077058792114,-2.241034507751465,-0.006024363450706005,-0.9105495810508728,-0.024480493739247322,0.4126304090023041
19500.0,-4.536755084991455,0.4947243630886078,-2.241057872772217,-0.005854310467839241,-0.9108234643936157,-0.024097846820950508,0.41205060482025146
19500.0,-4.5365777015686035,0.49466851353645325,-2.2408385276794434,-0.005477430298924446,-0.9097663760185242,-0.026059070602059364,0.4142656922340393
19500.0,-4.536736011505127,0.49473029375076294,-2.2410433292388916,-0.006117773242294788,-0.9107635617256165,-0.02455771714448929,0.41215187311172485
19500.0,-4.536680698394775,0.4947091341018677,-2.2409911155700684,-0.005761581007391214,-0.9105371832847595,-0.025026489049196243,0.41262876987457275
19500.0,-4.5367431640625,0.494729220867157,-2.241051435470581,-0.007034577429294586,-0.9108366966247559,-0.024453066289424896,0.4119819104671478
19500.0,-4.536721229553223,0.49468493461608887,-2.240997314453125,-0.0070355553179979324,-0.9108753204345703,-0.024794872850179672,0.41187605261802673
19500.0,-4.53659725189209,0.49463462829589844,-2.24088191986084,-0.006382744759321213,-0.9103599190711975,-0.02600288949906826,0.41295045614242554
19500.0,-4.5366621017456055,0.4947079122066498,-2.240957260131836,-0.006157304625958204,-0.9108396768569946,-0.0247921384871006,0.4119691252708435
19500.0,-4.536647319793701,0.4946749210357666,-2.240983247756958,-0.006067155860364437,-0.9108863472938538,-0.02470463700592518,0.4118724465370178
19500.0,-4.536553859710693,0.4946293234825134,-2.240849018096924,-0.005672860890626907,-0.9103244543075562,-0.025680821388959885,0.4130590558052063
19500.0,-4.536613941192627,0.49469074606895447,-2.2409167289733887,-0.006459454074501991,-0.9109045267105103,-0.024669678881764412,0.41182854771614075
19500.0,-4.5365753173828125,0.49468356370925903,-2.2409565448760986,-0.006437559612095356,-0.9109576940536499,-0.02495606057345867,0.41169384121894836
19500.0,-4.536362171173096,0.4946049153804779,-2.240753412246704,-0.005782360211014748,-0.9100170135498047,-0.026515360921621323,0.4136817157268524
19500.0,-4.536396503448486,0.49429818987846375,-2.240626811981201,-0.0040439763106405735,-0.9100627899169922,-0.017134010791778564,0.41409656405448914
20000.0,-4.536454200744629,0.49430882930755615,-2.2405033111572266,-0.00454336404800415,-0.9096119403839111,-0.016955753788352013,0.41508787870407104
20000.0,-4.536393642425537,0.4942516088485718,-2.2404346466064453,-0.004255110863596201,-0.9094493389129639,-0.017272280529141426,0.4154341518878937
20000.0,-4.536401271820068,0.4942253530025482,-2.240410566329956,-0.004150566644966602,-0.9095446467399597,-0.01663213223218918,0.41525253653526306
20000.0,-4.536332130432129,0.494285523891449,-2.2403485774993896,-0.0044275689870119095,-0.9093854427337646,-0.017162639647722244,0.41557663679122925
20000.0,-4.536327362060547,0.49425604939460754,-2.2403955459594727,-0.0035690790973603725,-0.9095632433891296,-0.016874197870492935,0.41520750522613525
20000.0,-4.536320209503174,0.4942859709262848,-2.2404115200042725,-0.0036322225350886583,-0.9096901416778564,-0.01683204434812069,0.414930522441864
20000.0,-4.536356449127197,0.4943437874317169,-2.2404067516326904,-0.004018574953079224,-0.9098244905471802,-0.016661280766129494,0.4146391749382019
20000.0,-4.536330699920654,0.4943305552005768,-2.2404019832611084,-0.0041739665903151035,-0.909943699836731,-0.016931729391217232,0.4143650233745575
20000.0,-4.536247253417969,0.4942920506000519,-2.240328311920166,-0.004005437716841698,-0.9097065329551697,-0.01738390140235424,0.4148683547973633
20000.0,-4.536189556121826,0.4943123757839203,-2.2402336597442627,-0.0037970091216266155,-0.9094156622886658,-0.017656059935688972,0.4154960811138153
20000.0,-4.536224842071533,0.49432769417762756,-2.240253210067749,-0.003490784438326955,-0.9095879197120667,-0.017099615186452866,0.41514480113983154
20000.0,-4.536175727844238,0.4943479001522064,-2.24025821685791,-0.0035620557609945536,-0.9096267223358154,-0.017004651948809624,0.4150630533695221
20000.0,-4.536162853240967,0.4943600296974182,-2.2402427196502686,-0.0031465899664908648,-0.9097378849983215,-0.01778542436659336,0.41478997468948364
20000.0,-4.536281585693359,0.4942891001701355,-2.2403504848480225,-0.0034298906102776527,-0.9102354645729065,-0.016915036365389824,0.41373148560523987
20000.0,-4.536259651184082,0.49423500895500183,-2.240311622619629,-0.0038635635282844305,-0.9100160598754883,-0.01715344563126564,0.4142000079154968
20000.0,-4.536194324493408,0.4942738115787506,-2.24027156829834,-0.0045693195424973965,-0.9098589420318604,-0.017462996765971184,0.4145248830318451
20000.0,-4.536101341247559,0.4942900240421295,-2.240217447280884,-0.004380587488412857,-0.9097298383712769,-0.0175792183727026,0.41480523347854614
20000.0,-4.536265850067139,0.4942951202392578,-2.240363121032715,-0.003530436661094427,-0.910487949848175,-0.016478197649121284,0.41319191455841064
20000.0,-4.536144733428955,0.4943004548549652,-2.240246057510376,-0.003359559690579772,-0.9100925922393799,-0.017351750284433365,0.4140278697013855
20000.0,-4.536092758178711,0.49431949853897095,-2.2401962280273438,-0.0038586624432355165,-0.9098896384239197,-0.017572596669197083,0.41446009278297424
20000.0,-4.536006450653076,0.4943367838859558,-2.2401397228240967,-0.0041524432599544525,-0.9096585512161255,-0.01795121468603611,0.4149479568004608
20500.0,-4.536050319671631,0.4944177567958832,-2.240244150161743,-0.004578467458486557,-0.9102551937103271,-0.018220532685518265,0.41362106800079346
20500.0,-4.536083698272705,0.49438536167144775,-2.2402310371398926,-0.003582923673093319,-0.9101862907409668,-0.018017927184700966,0.4137915372848511
20500.0,-4.53605842590332,0.4944070875644684,-2.2401578426361084,-0.002970443805679679,-0.910149872303009,-0.017918620258569717,0.41388073563575745
20500.0,-4.535956382751465,0.49444952607154846,-2.2400786876678467,-0.0032776861917227507,-0.9097378253936768,-0.01830390840768814,0.4147665798664093
20500.0,-4.535897254943848,0.4947367310523987,-2.2401740550994873,-0.004973110277205706,-0.9098295569419861,-0.02582809142768383,0.4141477048397064
20500.0,-4.535828113555908,0.4947341978549957,-2.2403388023376465,-0.004503012169152498,-0.9106388688087463,-0.025800392031669617,0.41237249970436096
20500.0,-4.535837650299072,0.4948144555091858,-2.2404837608337402,-0.0040450263768434525,-0.911475419998169,-0.025868570432066917,0.4105204641819
20500.0,-4.535706043243408,0.494802862405777,-2.240346670150757,-0.003500917460769415,-0.91089928150177,-0.026371022686362267,0.41177040338516235
20500.0,-4.535571098327637,0.49481943249702454,-2.240161895751953,-0.0030759074725210667,-0.9102622866630554,-0.027054397389292717,0.41313570737838745
20500.0,-4.535571575164795,0.49484527111053467,-2.240137815475464,-0.0035890901926904917,-0.9102922677993774,-0.027076857164502144,0.41306406259536743
20500.0,-4.535680294036865,0.4948326051235199,-2.2402665615081787,-0.004025537986308336,-0.9108980298042297,-0.02617032453417778,0.41178110241889954
20500.0,-4.535627365112305,0.49481362104415894,-2.2402164936065674,-0.004195044282823801,-0.9106746912002563,-0.026692116633057594,0.41223976016044617
20500.0,-4.535701274871826,0.4948011040687561,-2.2404139041900635,-0.004152144305408001,-0.9115079045295715,-0.02576824463903904,0.4104536473751068
20500.0,-4.535649299621582,0.4946989417076111,-2.240321397781372,-0.00325281941331923,-0.9111239910125732,-0.02571137063205242,0.4113166332244873
20500.0,-4.535622596740723,0.4947069585323334,-2.2402408123016357,-0.0033354421611875296,-0.9108834862709045,-0.02690296433866024,0.4117722511291504
20500.0,-4.5355424880981445,0.4947124421596527,-2.2401764392852783,-0.0037795412354171276,-0.9106864333152771,-0.026988442987203598,0.4121985137462616
20500.0,-4.535641193389893,0.49480560421943665,-2.240373373031616,-0.004034869372844696,-0.9116622805595398,-0.025649383664131165,0.41011929512023926
20500.0,-4.535560607910156,0.4947992265224457,-2.2402262687683105,-0.0037085891235619783,-0.9111445546150208,-0.026313234120607376,0.41122928261756897
20500.0,-4.53549861907959,0.49478957056999207,-2.240124225616455,-0.0034313255455344915,-0.9106910228729248,-0.025882337242364883,0.41226229071617126
21000.0,-4.535467624664307,0.49478960037231445,-2.240139961242676,-0.004028515890240669,-0.9106314778327942,-0.026668744161725044,0.4123382270336151
21000.0,-4.5355963706970215,0.49475690722465515,-2.240309953689575,-0.003920853603631258,-0.9115864038467407,-0.024722876027226448,0.4103458523750305
21000.0,-4.535482406616211,0.49469614028930664,-2.2401416301727295,-0.004090853501111269,-0.9107142686843872,-0.02590751089155674,0.4122031629085541
21000.0,-4.535437107086182,0.4946778416633606,-2.2401580810546875,-0.003348876954987645,-0.9107995629310608,-0.02583499811589718,0.4120260775089264
21000.0,-4.535468578338623,0.4947117865085602,-2.240246295928955,-0.0028985629323869944,-0.9112440943717957,-0.02505994401872158,0.4110933244228363
21000.0,-4.535329341888428,0.4946896433830261,-2.2401416301727295,-0.0031541213393211365,-0.910669207572937,-0.02576908841729164,0.41231974959373474
21000.0,-4.535139560699463,0.49469834566116333,-2.239899158477783,-0.0029733057599514723,-0.9095733761787415,-0.027014167979359627,0.4146536588668823
21000.0,-4.5352301597595215,0.4947172999382019,-2.240034580230713,-0.003203884232789278,-0.910260796546936,-0.025833379477262497,0.41321611404418945
21000.0,-4.535172462463379,0.4947499930858612,-2.2399885654449463,-0.0034689309541136026,-0.9100640416145325,-0.02623625658452511,0.4136218726634979
21000.0,-4.53504753112793,0.49480879306793213,-2.239795446395874,-0.003642870346084237,-0.9093640446662903,-0.02754456363618374,0.41507235169410706
21000.0,-4.535149097442627,0.49478310346603394,-2.2399420738220215,-0.003590481821447611,-0.9100000262260437,-0.026910576969385147,0.4137183725833893
21000.0,-4.5352678298950195,0.4947921633720398,-2.2400872707366943,-0.0036461621057242155,-0.9107484817504883,-0.025271670892834663,0.412171334028244
21000.0,-4.535118579864502,0.49473392963409424,-2.2399303913116455,-0.0038720187731087208,-0.9099416732788086,-0.026988208293914795,0.41383904218673706
21000.0,-4.535202980041504,0.4947810471057892,-2.2400856018066406,-0.0033693767618387938,-0.9108129739761353,-0.02531304396688938,0.4120287001132965
21000.0,-4.535025119781494,0.4947308301925659,-2.2399661540985107,-0.0031639360822737217,-0.9100956916809082,-0.026295924559235573,0.4135510325431824
21000.0,-4.53514289855957,0.49473774433135986,-2.2400612831115723,-0.003236916149035096,-0.9107347726821899,-0.02549884095788002,0.4121910631656647
21000.0,-4.535223007202148,0.4947166442871094,-2.24013614654541,-0.0033200490288436413,-0.9111427664756775,-0.025064444169402122,0.411314457654953
21500.0,-4.535253524780273,0.49469494819641113,-2.2401678562164307,-0.003147835610434413,-0.9114161133766174,-0.02494213543832302,0.4107171893119812
21500.0,-4.535290241241455,0.4946795105934143,-2.2401986122131348,-0.0035045661497861147,-0.9115484356880188,-0.024771198630332947,0.4104309380054474
21500.0,-4.535099029541016,0.4946052134037018,-2.240049123764038,-0.0032424074597656727,-0.9108072519302368,-0.02574911341071129,0.41201525926589966
21500.0,-4.535123348236084,0.4946519434452057,-2.2400405406951904,-0.003375883447006345,-0.9109244346618652,-0.025213755667209625,0.4117882549762726
21500.0,-4.535192489624023,0.494734525680542,-2.2401206493377686,-0.003922642208635807,-0.9113770723342896,-0.024789202958345413,0.41080641746520996
21500.0,-4.535118579864502,0.4947231709957123,-2.240023612976074,-0.003489019116386771,-0.9110510945320129,-0.025139711797237396,0.41151151061058044
21500.0,-4.534843444824219,0.4946996867656708,-2.2397384643554688,-0.003276716684922576,-0.9097133874893188,-0.02655160427093506,0.4143742024898529
21500.0,-4.534852504730225,0.4946950078010559,-2.2398064136505127,-0.003557403339073062,-0.9099021553993225,-0.02639853209257126,0.4139668047428131
21500.0,-4.534968376159668,0.494743674993515,-2.239976167678833,-0.003932381048798561,-0.910805881023407,-0.025092771276831627,0.4120529592037201
21500.0,-4.534893989562988,0.4947572946548462,-2.2398874759674072,-0.0041479612700641155,-0.9104184508323669,-0.025664282962679863,0.4128708243370056
21500.0,-4.534776210784912,0.49476709961891174,-2.239750623703003,-0.003944932017475367,-0.9099563360214233,-0.025978175923228264,0.41387081146240234
21500.0,-4.534807205200195,0.4947574734687805,-2.239840269088745,-0.0037596963811665773,-0.9103638529777527,-0.025338169187307358,0.41301509737968445
21500.0,-4.534879684448242,0.4947820007801056,-2.2399189472198486,-0.003887292230501771,-0.9109259843826294,-0.024709414690732956,0.41181090474128723
21500.0,-4.534891128540039,0.49481064081192017,-2.2399349212646484,-0.004198403563350439,-0.9110326766967773,-0.024582726880908012,0.41157931089401245
21500.0,-4.5349836349487305,0.4948306679725647,-2.240112781524658,-0.004664009902626276,-0.9120165705680847,-0.02332078479230404,0.4094633460044861
21500.0,-4.5348334312438965,0.494717001914978,-2.2399604320526123,-0.004540758207440376,-0.9112003445625305,-0.02396252378821373,0.41124096512794495
21500.0,-4.534703254699707,0.49470973014831543,-2.239809989929199,-0.004201752133667469,-0.9104176759719849,-0.025050701573491096,0.4129098951816559
21500.0,-4.534971237182617,0.4948144853115082,-2.240234136581421,-0.0046147839166224,-0.9125482439994812,-0.023375699296593666,0.4082743525505066
21500.0,-4.534848690032959,0.49477267265319824,-2.2401578426361084,-0.004716354887932539,-0.9121415615081787,-0.02379513718187809,0.40915682911872864
22000.0,-4.53476619720459,0.49475735425949097,-2.2400732040405273,-0.004727403167635202,-0.911747932434082,-0.02376658469438553,0.41003474593162537
22000.0,-4.534822940826416,0.4947546422481537,-2.240248441696167,-0.004451517481356859,-0.9124923348426819,-0.02280540205538273,0.40843337774276733
22000.0,-4.534745216369629,0.4947768747806549,-2.240082025527954,-0.004409221466630697,-0.9119287133216858,-0.02341831848025322,0.40965622663497925
22000.0,-4.534789562225342,0.4947769045829773,-2.2401766777038574,-0.0047187842428684235,-0.9125059247016907,-0.022861061617732048,0.4083970785140991
22000.0,-4.534860134124756,0.49478161334991455,-2.240158796310425,-0.005110719706863165,-0.9126337766647339,-0.022345878183841705,0.4081348776817322
22000.0,-4.534748077392578,0.49472227692604065,-2.240044593811035,-0.005204209126532078,-0.9120907187461853,-0.022679217159748077,0.40932756662368774
22000.0,-4.534846782684326,0.49475252628326416,-2.240184783935547,-0.005670681595802307,-0.9127457141876221,-0.02198377624154091,0.4078967571258545
22000.0,-4.534810543060303,0.4947036802768707,-2.2401721477508545,-0.005694755353033543,-0.9127994775772095,-0.021404709666967392,0.40780702233314514
22000.0,-4.53471565246582,0.4947206974029541,-2.2400875091552734,-0.005709443707019091,-0.9124532341957092,-0.021733272820711136,0.4085635840892792
22000.0,-4.534770488739014,0.49474388360977173,-2.240191698074341,-0.005940301809459925,-0.9129405617713928,-0.02184177003800869,0.40746426582336426
22000.0,-4.534649848937988,0.49470314383506775,-2.240114212036133,-0.006205169949680567,-0.9124663472175598,-0.0222641434520483,0.40849846601486206
22000.0,-4.534685134887695,0.4947662949562073,-2.2402029037475586,-0.006348994094878435,-0.9129490256309509,-0.022432878613471985,0.40740710496902466
22000.0,-4.5346479415893555,0.4947364330291748,-2.2401678562164307,-0.006162961944937706,-0.9128286838531494,-0.022719915956258774,0.4076636731624603
22000.0,-4.534646034240723,0.4947011172771454,-2.2402055263519287,-0.0054413010366261005,-0.9130380749702454,-0.021775666624307632,0.4072563350200653
22000.0,-4.534592151641846,0.4946916699409485,-2.2401726245880127,-0.005726438947021961,-0.9128308296203613,-0.02224859967827797,0.40769118070602417
22000.0,-4.534367561340332,0.49465981125831604,-2.2398929595947266,-0.005810401868075132,-0.9116098284721375,-0.023439627140760422,0.4103468060493469
22000.0,-4.534486293792725,0.49469414353370667,-2.240103006362915,-0.006092410068958998,-0.9126051068305969,-0.022883130237460136,0.4081558883190155
22000.0,-4.534498691558838,0.49465444684028625,-2.24009108543396,-0.005708577111363411,-0.9126707315444946,-0.02233472280204296,0.4080449640750885
22000.0,-4.534370422363281,0.4945812523365021,-2.2399184703826904,-0.0052815573289990425,-0.9119566679000854,-0.023067189380526543,0.40960371494293213
22000.0,-4.534394264221191,0.49462199211120605,-2.2399396896362305,-0.005934688728302717,-0.9121149778366089,-0.02254318632185459,0.40927115082740784
22500.0,-4.534467697143555,0.4946408271789551,-2.240041494369507,-0.005927655845880508,-0.912662148475647,-0.022581391036510468,0.40804749727249146
22500.0,-4.534393787384033,0.4946170747280121,-2.239934206008911,-0.005638982634991407,-0.9122827053070068,-0.022514382377266884,0.40890294313430786
22500.0,-4.534515857696533,0.4946325719356537,-2.240088701248169,-0.00562928756698966,-0.9131166934967041,-0.022302063181996346,0.40704894065856934
22500.0,-4.534354209899902,0.4945589005947113,-2.2398874759674072,-0.005404228810220957,-0.9123150110244751,-0.02217821218073368,0.40885257720947266
22500.0,-4.534504413604736,0.4946745038032532,-2.240051031112671,-0.005492025054991245,-0.9131622314453125,-0.022152069956064224,0.40695688128471375
22500.0,-4.5344462394714355,0.4946262538433075,-2.2399957180023193,-0.005442882888019085,-0.913057267665863,-0.021790573373436928,0.407212495803833
22500.0,-4.534468173980713,0.4946197271347046,-2.2399916648864746,-0.005303035024553537,-0.9130746722221375,-0.022327393293380737,0.4071462154388428
22500.0,-4.534444808959961,0.494596391916275,-2.239919662475586,-0.0056322799064219,-0.912943959236145,-0.022248243913054466,0.40743914246559143
22500.0,-4.534488677978516,0.49461230635643005,-2.239996910095215,-0.0056517948396503925,-0.9133053421974182,-0.022372176870703697,0.4066213071346283
22500.0,-4.534400463104248,0.4946373999118805,-2.2398929595947266,-0.006072408985346556,-0.91290682554245,-0.02236640825867653,0.4075095057487488
22500.0,-4.534360885620117,0.4946337938308716,-2.2398462295532227,-0.005117121152579784,-0.9128663539886475,-0.022260010242462158,0.40761908888816833
22500.0,-4.5343852043151855,0.49458587169647217,-2.2398529052734375,-0.005109134130179882,-0.9130467772483826,-0.02191130816936493,0.4072337746620178
22500.0,-4.534380912780762,0.49459347128868103,-2.2398393154144287,-0.005113453604280949,-0.9130620956420898,-0.021818142384290695,0.4072044789791107
22500.0,-4.534389019012451,0.49457308650016785,-2.239888906478882,-0.005241872742772102,-0.9133193492889404,-0.022044075652956963,0.4066132605075836
22500.0,-4.534344673156738,0.49456724524497986,-2.2398364543914795,-0.0044035580940544605,-0.9131926894187927,-0.02194751799106598,0.40691280364990234
22500.0,-4.534317493438721,0.4945903718471527,-2.239802837371826,-0.004752849694341421,-0.9130561351776123,-0.022430678829550743,0.4071888327598572
22500.0,-4.5343170166015625,0.49459412693977356,-2.2397704124450684,-0.004811421036720276,-0.9131215214729309,-0.022552456706762314,0.4070347845554352
22500.0,-4.53433895111084,0.4945243299007416,-2.2398252487182617,-0.004867747891694307,-0.9133436679840088,-0.02235797792673111,0.4065462052822113
23000.0,-4.534178733825684,0.49450787901878357,-2.2395999431610107,-0.004507120233029127,-0.912418007850647,-0.022864244878292084,0.40859556198120117
23000.0,-4.534237861633301,0.49459147453308105,-2.2397091388702393,-0.004437311086803675,-0.9130814671516418,-0.02257431112229824,0.4071279764175415
23000.0,-4.534121036529541,0.49458590149879456,-2.239531993865967,-0.003896358422935009,-0.9124513864517212,-0.023533541709184647,0.40848925709724426
23000.0,-4.534185886383057,0.49458181858062744,-2.239616632461548,-0.004349308088421822,-0.9128898978233337,-0.02318415977060795,0.4075238108634949
23000.0,-4.5341644287109375,0.49420619010925293,-2.239442825317383,-0.0028044860810041428,-0.9124717116355896,-0.01753941737115383,0.4087540805339813
23000.0,-4.5341596603393555,0.49415910243988037,-2.2391653060913086,-0.0027271558064967394,-0.9113444685935974,-0.017303025349974632,0.41127169132232666
23000.0,-4.534362316131592,0.494118332862854,-2.2394914627075195,-0.0018453856464475393,-0.9127357602119446,-0.01649564318358898,0.4082132577896118
23000.0,-4.534326076507568,0.49406999349594116,-2.23935866355896,-0.0023840938229113817,-0.9123660922050476,-0.016560113057494164,0.4090332090854645
23000.0,-4.53439474105835,0.4940253496170044,-2.2394940853118896,-0.00201710918918252,-0.9129790663719177,-0.01668900065124035,0.4076600670814514
23000.0,-4.534249782562256,0.49398887157440186,-2.2392687797546387,-0.0019329035421833396,-0.9121407270431519,-0.016447581350803375,0.40954259037971497
23000.0,-4.534361839294434,0.4940730631351471,-2.239523410797119,-0.001420283573679626,-0.9132499694824219,-0.016821179538965225,0.4070497751235962
23000.0,-4.534329414367676,0.4941187798976898,-2.2394449710845947,-0.001954434672370553,-0.9130455255508423,-0.01690547727048397,0.4075024425983429
23000.0,-4.534322738647461,0.49412015080451965,-2.2394421100616455,-0.0020051286555826664,-0.913091242313385,-0.016776612028479576,0.4074050784111023
23000.0,-4.534040927886963,0.49406683444976807,-2.238978147506714,-0.0030731256119906902,-0.9110351204872131,-0.01727149449288845,0.41195550560951233
23000.0,-4.534116744995117,0.494068443775177,-2.2390072345733643,-0.0031263132113963366,-0.9113604426383972,-0.017017342150211334,0.4112454354763031
23000.0,-4.534356117248535,0.4940429925918579,-2.2394211292266846,-0.0023790053091943264,-0.9132285118103027,-0.01617763563990593,0.4071194529533386
23000.0,-4.534359931945801,0.49402478337287903,-2.2395215034484863,-0.0017826386028900743,-0.9136775732040405,-0.01590302400290966,0.40612488985061646
23000.0,-4.534169673919678,0.49398866295814514,-2.2391576766967773,-0.0027319309301674366,-0.9121838212013245,-0.016683313995599747,0.4094323515892029
23000.0,-4.534163475036621,0.4940243363380432,-2.2391836643218994,-0.0024773592595010996,-0.9124685525894165,-0.016902633011341095,0.40879005193710327
23500.0,-4.534033298492432,0.49407005310058594,-2.2390012741088867,-0.003067650366574526,-0.9117535352706909,-0.0171399787068367,0.410368412733078
23500.0,-4.5341877937316895,0.49407440423965454,-2.2393033504486084,-0.0019759067799896,-0.9131469130516052,-0.017040306702256203,0.4072696268558502
23500.0,-4.534016132354736,0.49405843019485474,-2.2390544414520264,-0.0023997011594474316,-0.9119723439216614,-0.0171564519405365,0.409885972738266
23500.0,-4.5341081619262695,0.49401921033859253,-2.239283561706543,-0.0016495328163728118,-0.9130437970161438,-0.017262190580368042,0.40749287605285645
23500.0,-4.534053325653076,0.49399012327194214,-2.2392373085021973,-0.0015331305330619216,-0.9127981066703796,-0.017988519743084908,0.40801191329956055
23500.0,-4.53369140625,0.49402275681495667,-2.238724946975708,-0.0023589031770825386,-0.9107430577278137,-0.018228594213724136,0.412564218044281
23500.0,-4.53403377532959,0.49404698610305786,-2.239190101623535,-0.0016276062233373523,-0.9129486680030823,-0.0176862720400095,0.40768781304359436
23500.0,-4.533752918243408,0.49399814009666443,-2.238781213760376,-0.001776652061380446,-0.9112212061882019,-0.018702106550335884,0.41148877143859863
23500.0,-4.533973693847656,0.4939541518688202,-2.2392098903656006,-0.0009349857573397458,-0.913010835647583,-0.01807897910475731,0.4075334072113037
23500.0,-4.5334792137146,0.4939764440059662,-2.2385804653167725,-0.0018108858494088054,-0.9103161692619324,-0.018655503168702126,0.4134890139102936
23500.0,-4.533287048339844,0.49402305483818054,-2.2384486198425293,-0.0017098081298172474,-0.9097888469696045,-0.01840203069150448,0.4146597385406494
23500.0,-4.533020496368408,0.4941381514072418,-2.2382724285125732,-0.0014551247004419565,-0.9090045690536499,-0.017285911366343498,0.4164249002933502
23500.0,-4.533571243286133,0.49401530623435974,-2.2387759685516357,-0.001558313611894846,-0.9112225770950317,-0.018517373129725456,0.4114951193332672
23500.0,-4.533143997192383,0.4941103160381317,-2.2383804321289062,-0.001679567969404161,-0.9096238613128662,-0.017579395323991776,0.4150574207305908
23500.0,-4.533058166503906,0.494119256734848,-2.2383053302764893,-0.0018797096563503146,-0.909395158290863,-0.01838652975857258,0.4155222773551941
23500.0,-4.533054351806641,0.49410444498062134,-2.238278865814209,-0.0016971663571894169,-0.9094229340553284,-0.01801064796745777,0.41547879576683044
23500.0,-4.533543586730957,0.4933905303478241,-2.238799571990967,0.005077363923192024,-0.9112361669540405,-0.013304982334375381,0.4116378724575043
23500.0,-4.5335869789123535,0.4934137463569641,-2.2388312816619873,0.004838020075112581,-0.9115489721298218,-0.012709974311292171,0.41096657514572144
24000.0,-4.5332255363464355,0.4936598539352417,-2.2385082244873047,0.001418934902176261,-0.9104366302490234,-0.01570831798017025,0.4133477210998535
24000.0,-4.532894611358643,0.494005024433136,-2.238152027130127,-0.0008734731818549335,-0.9090867042541504,-0.016555272042751312,0.4162769615650177
24000.0,-4.533499717712402,0.49338576197624207,-2.2388341426849365,0.004943456966429949,-0.9117864370346069,-0.012645537033677101,0.410440057516098
24000.0,-4.533540725708008,0.49346065521240234,-2.238983631134033,0.0044340412132442,-0.9128559231758118,-0.012469006702303886,0.4080674946308136
24000.0,-4.533532619476318,0.49348577857017517,-2.2390310764312744,0.004610559903085232,-0.9130716919898987,-0.012655693106353283,0.40757662057876587
24000.0,-4.532926559448242,0.493752121925354,-2.23830509185791,0.0015654576709493995,-0.9098117351531982,-0.016179684549570084,0.4147028625011444
24000.0,-4.533447265625,0.4935135245323181,-2.238936424255371,0.004731569439172745,-0.9126009345054626,-0.012469029054045677,0.4086340665817261
24000.0,-4.533447265625,0.49347344040870667,-2.2389328479766846,0.0049071162939071655,-0.9126576781272888,-0.012663621455430984,0.4084991216659546
24000.0,-4.533470630645752,0.4935470223426819,-2.239170551300049,0.0033648423850536346,-0.9137331247329712,-0.012402408756315708,0.40611156821250916
24000.0,-4.533484935760498,0.4935745298862457,-2.239175796508789,0.003950679674744606,-0.9138965606689453,-0.0126545000821352,0.405730664730072
24000.0,-4.533443450927734,0.49354687333106995,-2.239042043685913,0.004474939312785864,-0.9134676456451416,-0.01282340195029974,0.40668460726737976
24000.0,-4.533433437347412,0.49355772137641907,-2.239147663116455,0.0036709231790155172,-0.9138205051422119,-0.012206700630486012,0.4059182107448578
24000.0,-4.533406734466553,0.4935426712036133,-2.239140510559082,0.003708413802087307,-0.9137287139892578,-0.012320661917328835,0.40612101554870605
24000.0,-4.533329010009766,0.493451327085495,-2.239002227783203,0.004511825740337372,-0.9131943583488464,-0.01281804870814085,0.40729767084121704
24000.0,-4.533371925354004,0.4935499131679535,-2.2390942573547363,0.00403033010661602,-0.9137299656867981,-0.012595555745065212,0.4061066806316376
24000.0,-4.533364295959473,0.4936012327671051,-2.239041328430176,0.0035642057191580534,-0.9136843085289001,-0.012262101285159588,0.4062238931655884
24000.0,-4.533351898193359,0.4935673177242279,-2.238996982574463,0.0034854544792324305,-0.913591742515564,-0.011973796412348747,0.40644142031669617
24000.0,-4.533374309539795,0.4935078024864197,-2.2390434741973877,0.0033587398938834667,-0.9138121008872986,-0.012058582156896591,0.405944287776947
24000.0,-4.5332818031311035,0.4934629499912262,-2.238828659057617,0.003282607067376375,-0.9129553437232971,-0.012309524230659008,0.40786075592041016
24000.0,-4.533286094665527,0.4935179054737091,-2.238912582397461,0.0031198535580188036,-0.9134173393249512,-0.012408966198563576,0.406823068857193
24500.0,-4.533263206481934,0.49346479773521423,-2.238985538482666,0.00330752064473927,-0.9135307669639587,-0.012652097269892693,0.4065593481063843
24500.0,-4.533276081085205,0.4934961497783661,-2.238969087600708,0.002914109267294407,-0.9137988090515137,-0.011335127055644989,0.4059986174106598
24500.0,-4.533247947692871,0.49347639083862305,-2.2388570308685303,0.0022049015387892723,-0.9134301543235779,-0.01140628568828106,0.4068297743797302
24500.0,-4.533287048339844,0.4935445785522461,-2.2388782501220703,0.003014081623405218,-0.9137123823165894,-0.012538118287920952,0.40615716576576233
24500.0,-4.533281326293945,0.49355316162109375,-2.238882064819336,0.0023490835446864367,-0.9136318564414978,-0.011935615912079811,0.40636053681373596
24500.0,-4.533237934112549,0.49350932240486145,-2.2389132976531982,0.0016510584391653538,-0.9136177897453308,-0.01252913661301136,0.4063776731491089
24500.0,-4.533298969268799,0.4933040738105774,-2.238600969314575,0.00291951815597713,-0.9123578667640686,-0.013885433785617352,0.409147709608078
24500.0,-4.533266544342041,0.49344152212142944,-2.2387855052948,0.002026877598837018,-0.9134212732315063,-0.011725208722054958,0.40684130787849426
24500.0,-4.533246994018555,0.4934529662132263,-2.2388012409210205,0.0017770844278857112,-0.9134901165962219,-0.01143748126924038,0.4066962003707886
24500.0,-4.533202171325684,0.49345090985298157,-2.2387900352478027,0.0021830853074789047,-0.9133320450782776,-0.012093882076442242,0.4070301651954651
24500.0,-4.5324811935424805,0.49329206347465515,-2.2381503582000732,0.005429952405393124,-0.9092808365821838,-0.014950765296816826,0.41587918996810913
24500.0,-4.533135414123535,0.4936002492904663,-2.2384960651397705,0.008388840593397617,-0.9125747680664062,-0.012885862961411476,0.40862056612968445
24500.0,-4.53316068649292,0.4935406446456909,-2.2381715774536133,0.01035378035157919,-0.9114296436309814,-0.01220314297825098,0.41114482283592224
24500.0,-4.533135414123535,0.4935373067855835,-2.2380669116973877,0.010314159095287323,-0.9111493825912476,-0.01228058710694313,0.4117640554904938
24500.0,-4.533077239990234,0.4935044050216675,-2.238062620162964,0.010071774013340473,-0.9108712077140808,-0.01288005243986845,0.4123667776584625
24500.0,-4.5331196784973145,0.49358996748924255,-2.2380669116973877,0.01006133109331131,-0.9113784432411194,-0.012125694192945957,0.41126760840415955
24500.0,-4.533141613006592,0.49352383613586426,-2.238178253173828,0.009780731983482838,-0.9119558334350586,-0.011972307227551937,0.4099971055984497
24500.0,-4.5331220626831055,0.49354565143585205,-2.2381441593170166,0.009634092450141907,-0.9119994640350342,-0.011940332129597664,0.4099043905735016
24500.0,-4.5331807136535645,0.49358072876930237,-2.2381389141082764,0.009908970445394516,-0.9123203158378601,-0.011638067662715912,0.40919193625450134
24500.0,-4.533061504364014,0.49351951479911804,-2.2379562854766846,0.010103256441652775,-0.911676824092865,-0.01269140001386404,0.41058769822120667
24500.0,-4.532920837402344,0.49343252182006836,-2.2377378940582275,0.007710967678576708,-0.9112983345985413,-0.013541226275265217,0.41145169734954834
25000.0,-4.53297758102417,0.49329468607902527,-2.2376091480255127,0.006985226646065712,-0.9112100005149841,-0.013529334217309952,0.4116606116294861
25000.0,-4.533024787902832,0.4931012690067291,-2.237475633621216,0.005359350237995386,-0.9114534258842468,-0.014401951804757118,0.4111160933971405
25000.0,-4.533425807952881,0.4930569529533386,-2.2375361919403076,0.0016896011075004935,-0.9127484560012817,-0.013382806442677975,0.40829944610595703
25000.0,-4.5334930419921875,0.492868036031723,-2.2375802993774414,-0.0009136314620263875,-0.9122413992881775,-0.014513818547129631,0.40939489006996155
25000.0,-4.533333778381348,0.4927867650985718,-2.2374942302703857,-0.0015471151564270258,-0.9114791750907898,-0.015049626119434834,0.411067932844162
25000.0,-4.533314228057861,0.49285686016082764,-2.2374563217163086,-0.0017338232137262821,-0.9117483496665955,-0.014068788848817348,0.410504549741745
25000.0,-4.533382415771484,0.49284106492996216,-2.237440824508667,-0.0010254725348204374,-0.912409782409668,-0.014166723005473614,0.4090314209461212
25000.0,-4.53350305557251,0.49291500449180603,-2.2374582290649414,-0.0007497710757888854,-0.9133365154266357,-0.013050934299826622,0.406995952129364
25000.0,-4.533483505249023,0.49295392632484436,-2.237429618835449,-0.000510829093400389,-0.9135561585426331,-0.012372198514640331,0.40652406215667725
25000.0,-4.5334649085998535,0.492950975894928,-2.2373950481414795,0.00012413435615599155,-0.9136289358139038,-0.012482465244829655,0.40635740756988525
25000.0,-4.533474445343018,0.49292030930519104,-2.2373311519622803,0.0012052215170115232,-0.9137738347053528,-0.012277431786060333,0.40603601932525635
25000.0,-4.533450603485107,0.4929333031177521,-2.2372519969940186,0.0009118318557739258,-0.9138150811195374,-0.012483742088079453,0.4059376120567322
25000.0,-4.533419609069824,0.4930858910083771,-2.2371551990509033,-0.0008777461480349302,-0.9135172367095947,-0.012248794548213482,0.406614750623703
25000.0,-4.533411026000977,0.4931390583515167,-2.237086057662964,-0.0015303879044950008,-0.9134922027587891,-0.01293505635112524,0.406647652387619
25000.0,-4.533374309539795,0.4931691586971283,-2.2370333671569824,-0.001097463653422892,-0.9134922027587891,-0.013748327270150185,0.40662238001823425
25000.0,-4.533329486846924,0.49314185976982117,-2.236989736557007,-0.0010743180755525827,-0.9136236906051636,-0.014401527121663094,0.406304270029068
25000.0,-4.5333251953125,0.49318528175354004,-2.236966133117676,-0.0018229096895083785,-0.9137981534004211,-0.014001830480992794,0.40592312812805176
25000.0,-4.5333123207092285,0.4931323528289795,-2.236912250518799,-0.000935534480959177,-0.9138889312744141,-0.014687265269458294,0.4056974947452545
25000.0,-4.533305644989014,0.49318936467170715,-2.236851453781128,-0.00022941410134080797,-0.9140284061431885,-0.014337846077978611,0.4053966701030731
25000.0,-4.533323764801025,0.49330636858940125,-2.2367918491363525,9.835237869992852e-05,-0.9142554402351379,-0.013832435011863708,0.40490204095840454
25500.0,-4.533295154571533,0.49327459931373596,-2.2367472648620605,0.0012652869336307049,-0.9144437313079834,-0.013593044131994247,0.40448278188705444
25500.0,-4.533303260803223,0.49330681562423706,-2.236710786819458,0.00146871292963624,-0.9146865010261536,-0.01364821009337902,0.4039308726787567
25500.0,-4.533264636993408,0.4933193624019623,-2.23667311668396,0.0014234742848202586,-0.9147537350654602,-0.014173110947012901,0.4037606716156006
25500.0,-4.533243179321289,0.4933440089225769,-2.2366209030151367,0.002206265926361084,-0.9148664474487305,-0.014295550063252449,0.4034973978996277
25500.0,-4.533227443695068,0.4933478832244873,-2.236588954925537,0.0035601004492491484,-0.9151265621185303,-0.01337955892086029,0.4029289484024048
25500.0,-4.533154010772705,0.4932655394077301,-2.236527442932129,0.004895901307463646,-0.9151991605758667,-0.013253607787191868,0.4027540683746338
25500.0,-4.533058166503906,0.49330729246139526,-2.2364227771759033,0.005251110997051001,-0.9150890111923218,-0.013329872861504555,0.40299731492996216
25500.0,-4.532949447631836,0.4933684468269348,-2.2363619804382324,0.006002379115670919,-0.9149038195610046,-0.013521061278879642,0.4034006893634796
25500.0,-4.532872200012207,0.49348142743110657,-2.2362937927246094,0.007507746107876301,-0.9149505496025085,-0.013087757863104343,0.4032839238643646
25500.0,-4.532768249511719,0.4935697019100189,-2.236196517944336,0.0084226680919528,-0.9148911237716675,-0.01371908001601696,0.40337952971458435
25500.0,-4.532658100128174,0.4935436546802521,-2.2361276149749756,0.010076051577925682,-0.9147812724113464,-0.01369180902838707,0.40359196066856384
25500.0,-4.532547473907471,0.49357861280441284,-2.2360708713531494,0.010032564401626587,-0.9146515130996704,-0.015047301538288593,0.40383845567703247
25500.0,-4.532506465911865,0.49367913603782654,-2.236072540283203,0.009012182243168354,-0.9146116375923157,-0.01501206960529089,0.4039541780948639
25500.0,-4.532435894012451,0.49371495842933655,-2.2359864711761475,0.009240981191396713,-0.9144819974899292,-0.015906812623143196,0.4042082130908966
25500.0,-4.532444000244141,0.4937288761138916,-2.235978364944458,0.009968508034944534,-0.9146074652671814,-0.016515735536813736,0.4038824439048767
25500.0,-4.532482624053955,0.49374255537986755,-2.2359774112701416,0.0098867267370224,-0.9148109555244446,-0.016724348068237305,0.4034147262573242
25500.0,-4.532191276550293,0.49354061484336853,-2.236211061477661,0.004168157000094652,-0.9138342142105103,-0.01691388711333275,0.40571364760398865
25500.0,-4.532386302947998,0.4938761293888092,-2.2365341186523438,0.0035562850534915924,-0.9153271317481995,-0.016011036932468414,0.40237706899642944
25500.0,-4.532374382019043,0.49413001537323,-2.2365880012512207,0.0034548526164144278,-0.9158722162246704,-0.01888018101453781,0.40101101994514465
26000.0,-4.532233715057373,0.4941682815551758,-2.2366042137145996,0.0030403644777834415,-0.9158100485801697,-0.022330494597554207,0.4009787440299988
26000.0,-4.531979084014893,0.49395400285720825,-2.23590087890625,0.009433426894247532,-0.9144784808158875,-0.02686404623091221,0.40363162755966187
26000.0,-4.532138347625732,0.4940119683742523,-2.2363622188568115,0.005012814886868,-0.9153569936752319,-0.02343784086406231,0.40192943811416626
26000.0,-4.531853199005127,0.4938804805278778,-2.2357192039489746,0.010158909484744072,-0.9140857458114624,-0.026883704587817192,0.4045014977455139
26000.0,-4.532164573669434,0.4941490888595581,-2.235860586166382,0.009372071363031864,-0.9158992171287537,-0.024999698624014854,0.400519460439682
26000.0,-4.532284259796143,0.49412280321121216,-2.235672950744629,0.010249776765704155,-0.9155046343803406,-0.031057316809892654,0.40097588300704956
26000.0,-4.5324788093566895,0.49415695667266846,-2.2358884811401367,0.008640171028673649,-0.9176163673400879,-0.024423040449619293,0.39662209153175354
26000.0,-4.532464981079102,0.4941158592700958,-2.2356317043304443,0.0070567079819738865,-0.9166982769966125,-0.030699491500854492,0.3983367085456848
26000.0,-4.532524585723877,0.4940377175807953,-2.2358169555664062,0.0072983200661838055,-0.9179098010063171,-0.026725027710199356,0.3958207964897156
26000.0,-4.53249979019165,0.4941641390323639,-2.2358620166778564,0.0071985493414103985,-0.9182337522506714,-0.02564704790711403,0.3951420187950134
26000.0,-4.532334327697754,0.4942123293876648,-2.235527515411377,0.008248376660048962,-0.9165741205215454,-0.030990758910775185,0.3985770344734192
26000.0,-4.532046318054199,0.4940263330936432,-2.2354352474212646,0.011548644863069057,-0.914390504360199,-0.03523184731602669,0.40313220024108887
26000.0,-4.531987190246582,0.4940289556980133,-2.235483407974243,0.011674207635223866,-0.9138578772544861,-0.03478967770934105,0.4043727517127991
26000.0,-4.531909942626953,0.49412843585014343,-2.2354676723480225,0.010523022152483463,-0.9164599180221558,-0.02386186085641384,0.39927589893341064
26000.0,-4.53187370300293,0.4941955804824829,-2.235487222671509,0.010387977585196495,-0.9167786240577698,-0.024150285869836807,0.3985294997692108
26000.0,-4.5318450927734375,0.4941326379776001,-2.2354166507720947,0.010855128057301044,-0.9166712760925293,-0.025676265358924866,0.3986686170101166
26000.0,-4.5319342613220215,0.49415481090545654,-2.235513687133789,0.008999447338283062,-0.9171848893165588,-0.024819817394018173,0.39758628606796265
26000.0,-4.531956195831299,0.49414172768592834,-2.2355151176452637,0.009115835651755333,-0.9173725843429565,-0.0248600784689188,0.39714786410331726
26000.0,-4.53201961517334,0.4942072629928589,-2.2355294227600098,0.008848427794873714,-0.9178232550621033,-0.023880988359451294,0.3961716294288635
26000.0,-4.531999588012695,0.4941990077495575,-2.2354671955108643,0.009197235107421875,-0.917872965335846,-0.02439272403717041,0.3960171639919281
26000.0,-4.532032012939453,0.4942096471786499,-2.235531806945801,0.008643854409456253,-0.9182620644569397,-0.023645680397748947,0.3951720595359802
26000.0,-4.532002925872803,0.4942086338996887,-2.2355496883392334,0.0076271845027804375,-0.9182752370834351,-0.02411426417529583,0.3951340317726135
26500.0,-4.53199577331543,0.49419012665748596,-2.235585927963257,0.008068084716796875,-0.9184810519218445,-0.02344525419175625,0.3946869969367981
26500.0,-4.531939506530762,0.49423202872276306,-2.2355310916900635,0.007580217905342579,-0.9184476137161255,-0.023553447797894478,0.3947679400444031
26500.0,-4.531798362731934,0.4937049150466919,-2.235198497772217,0.011071473360061646,-0.9173305630683899,-0.012494311667978764,0.39777645468711853
26500.0,-4.531766891479492,0.49373525381088257,-2.2349839210510254,0.010413291864097118,-0.9166529774665833,-0.011589300818741322,0.39938026666641235
26500.0,-4.53174352645874,0.49363866448402405,-2.2349438667297363,0.010710064321756363,-0.9166300296783447,-0.011995270848274231,0.399413138628006
26500.0,-4.531769275665283,0.4936666488647461,-2.2349648475646973,0.010614987462759018,-0.9169328212738037,-0.010817342437803745,0.39875367283821106
26500.0,-4.53173303604126,0.49367034435272217,-2.234905481338501,0.010263398289680481,-0.9168402552604675,-0.011398239061236382,0.39895957708358765
26500.0,-4.53175687789917,0.49369463324546814,-2.234943389892578,0.010251903906464577,-0.917132556438446,-0.01126586738973856,0.3982912600040436
26500.0,-4.5316972732543945,0.4937255382537842,-2.2348742485046387,0.010373284108936787,-0.9171372652053833,-0.010463136248290539,0.39829912781715393
26500.0,-4.531678676605225,0.49369579553604126,-2.2348954677581787,0.010647013783454895,-0.917199432849884,-0.01125534251332283,0.3981270492076874
26500.0,-4.531747817993164,0.49378493428230286,-2.2350432872772217,0.009941748343408108,-0.9178120493888855,-0.012836620211601257,0.3966829478740692
26500.0,-4.531551837921143,0.49382346868515015,-2.234968662261963,0.010119403712451458,-0.9175020456314087,-0.01502823457121849,0.3973182439804077
26500.0,-4.531635761260986,0.49398788809776306,-2.2351460456848145,0.009013991802930832,-0.9182341694831848,-0.01676534116268158,0.39558035135269165
26500.0,-4.531487941741943,0.49405959248542786,-2.2352263927459717,0.009257936850190163,-0.9185187816619873,-0.020823132246732712,0.3947203457355499
26500.0,-4.531436443328857,0.4942122995853424,-2.2353994846343994,0.0076641119085252285,-0.9193196296691895,-0.022325903177261353,0.3928030729293823
26500.0,-4.531430721282959,0.49423903226852417,-2.235412359237671,0.007500682957470417,-0.9195969700813293,-0.02161518484354019,0.39219629764556885
26500.0,-4.531404972076416,0.49422112107276917,-2.23537540435791,0.007353132590651512,-0.9194891452789307,-0.022006021812558174,0.39243006706237793
26500.0,-4.531383514404297,0.4941798448562622,-2.2353639602661133,0.007600569631904364,-0.91969233751297,-0.021743416786193848,0.39196357131004333
26500.0,-4.531370162963867,0.49421751499176025,-2.235356330871582,0.007411731407046318,-0.9199005961418152,-0.02123553864657879,0.39150604605674744
26500.0,-4.531314373016357,0.4941251277923584,-2.2352848052978516,0.007350755389779806,-0.9196731448173523,-0.02216489240527153,0.3919898271560669
27000.0,-4.531319618225098,0.4941740930080414,-2.2352583408355713,0.006246672943234444,-0.919708251953125,-0.02122810110449791,0.39197856187820435
27000.0,-4.531291961669922,0.4941475987434387,-2.235215187072754,0.006927743554115295,-0.91975998878479,-0.02165239490568638,0.39182227849960327
27000.0,-4.531252861022949,0.4941321909427643,-2.2352280616760254,0.006613637320697308,-0.9198318123817444,-0.021768193691968918,0.3916527330875397
27000.0,-4.531164646148682,0.4941242039203644,-2.23567533493042,-0.002618794096633792,-0.920667290687561,-0.018854066729545593,0.38988402485847473
27000.0,-4.5309295654296875,0.4940400719642639,-2.2350947856903076,0.005129951983690262,-0.9190303087234497,-0.02241048961877823,0.39351600408554077
27000.0,-4.530945301055908,0.49411797523498535,-2.235478162765503,-0.001748421578668058,-0.9203174710273743,-0.02099398896098137,0.39060452580451965
27000.0,-4.530972957611084,0.49416905641555786,-2.235506296157837,-0.0024749275762587786,-0.9208328723907471,-0.019971370697021484,0.38943812251091003
27000.0,-4.530981063842773,0.49415868520736694,-2.2355446815490723,-0.0028161308728158474,-0.9211367964744568,-0.01937824673950672,0.38874614238739014
27000.0,-4.5309367179870605,0.49418655037879944,-2.2355763912200928,-0.003963082563132048,-0.9214441180229187,-0.019324306398630142,0.38800978660583496
27000.0,-4.530911445617676,0.4941730499267578,-2.235539436340332,-0.003877353621646762,-0.9216356873512268,-0.01843298226594925,0.38759878277778625
27000.0,-4.530834197998047,0.49412792921066284,-2.235426187515259,-0.004643943160772324,-0.9215266704559326,-0.01934233121573925,0.3878052532672882
27000.0,-4.530643939971924,0.4938734769821167,-2.235203266143799,-0.002705445047467947,-0.9206570982933044,-0.02173275128006935,0.3897576332092285
27000.0,-4.5306501388549805,0.4938294291496277,-2.2351746559143066,-0.0026199454441666603,-0.9209359884262085,-0.020427614450454712,0.38916948437690735
27000.0,-4.53056526184082,0.4937399923801422,-2.235029697418213,-0.0024127732031047344,-0.9205489754676819,-0.021498078480362892,0.3900277018547058
27000.0,-4.530479431152344,0.4936380982398987,-2.2349274158477783,-0.001105080358684063,-0.9201881289482117,-0.023540453985333443,0.3907666504383087
27000.0,-4.530559062957764,0.4938742518424988,-2.235055685043335,-0.0029751239344477654,-0.9211848974227905,-0.021361039951443672,0.3885270059108734
27000.0,-4.530501842498779,0.49391844868659973,-2.235053777694702,-0.0034643649123609066,-0.9214735627174377,-0.0223259087651968,0.3877835273742676
27000.0,-4.53038215637207,0.4938778579235077,-2.2350783348083496,-0.004608048126101494,-0.9215611219406128,-0.023059818893671036,0.3875207304954529
27000.0,-4.530306339263916,0.49386540055274963,-2.235093832015991,-0.005037676077336073,-0.9217543601989746,-0.022814515978097916,0.38706979155540466
27000.0,-4.530337333679199,0.4940342605113983,-2.235137462615967,-0.006686357315629721,-0.9222455620765686,-0.021504804491996765,0.385948121547699
27500.0,-4.5302205085754395,0.4938291013240814,-2.234980821609497,-0.004502194467931986,-0.9216716289520264,-0.024201706051826477,0.38718923926353455
27500.0,-4.530174732208252,0.49373963475227356,-2.234933376312256,-0.004523825366050005,-0.9217935800552368,-0.025180380791425705,0.3868359923362732
27500.0,-4.530185222625732,0.49382588267326355,-2.2349693775177,-0.00562501884996891,-0.9222723245620728,-0.024281196296215057,0.3857364058494568
27500.0,-4.530173301696777,0.4938751757144928,-2.2349681854248047,-0.006341057363897562,-0.9225002527236938,-0.023786168545484543,0.38521069288253784
27500.0,-4.5301313400268555,0.49389854073524475,-2.234912395477295,-0.005876622162759304,-0.9226563572883606,-0.0229115542024374,0.3848970830440521
27500.0,-4.5301103591918945,0.4938654899597168,-2.234935998916626,-0.005984730552881956,-0.9228102564811707,-0.02245217375457287,0.3845534324645996
27500.0,-4.530075550079346,0.4939044415950775,-2.2349777221679688,-0.006830962374806404,-0.9229878187179565,-0.02210349589586258,0.38413310050964355
27500.0,-4.529973983764648,0.49377012252807617,-2.2348554134368896,-0.00464964471757412,-0.9227065443992615,-0.023025186732411385,0.3847867548465729
27500.0,-4.529936790466309,0.4937385320663452,-2.234769582748413,-0.002746748737990856,-0.9227545261383057,-0.022160304710268974,0.3847408890724182
27500.0,-4.5299882888793945,0.49384868144989014,-2.2349050045013428,-0.003999988082796335,-0.9232512712478638,-0.02142324298620224,0.3835783004760742
27500.0,-4.530031681060791,0.49396049976348877,-2.235049247741699,-0.005756424739956856,-0.9238712191581726,-0.019953999668359756,0.38213980197906494
27500.0,-4.529903411865234,0.49385127425193787,-2.2348897457122803,-0.003824430052191019,-0.9233977198600769,-0.020733483135700226,0.38326507806777954
27500.0,-4.529864311218262,0.49383676052093506,-2.2348809242248535,-0.003860275261104107,-0.9233859181404114,-0.02101515792310238,0.3832778334617615
27500.0,-4.529862403869629,0.49388784170150757,-2.2349374294281006,-0.003604121971875429,-0.9236083030700684,-0.020818481221795082,0.382754921913147
27500.0,-4.529731750488281,0.4938060939311981,-2.2348504066467285,-0.0017578258411958814,-0.9233077764511108,-0.02184777893126011,0.3834349513053894
27500.0,-4.529696941375732,0.4938669502735138,-2.2348647117614746,-0.0018230126006528735,-0.9236088991165161,-0.02157437428832054,0.38272425532341003
27500.0,-4.5296478271484375,0.493953138589859,-2.234982967376709,-0.002173192799091339,-0.9242266416549683,-0.020612670108675957,0.38128161430358887
27500.0,-4.529524803161621,0.49395817518234253,-2.234966516494751,-0.0008677715086378157,-0.9241909384727478,-0.020941277965903282,0.38135525584220886
27500.0,-4.529411315917969,0.49392446875572205,-2.2348690032958984,0.00013685431622434407,-0.9240796566009521,-0.021411119028925896,0.3815997838973999
27500.0,-4.529298782348633,0.4938983917236328,-2.2347798347473145,0.0013046740787103772,-0.9239085912704468,-0.02164200134575367,0.3819984793663025
27500.0,-4.529211521148682,0.4939398169517517,-2.234822988510132,0.001956021646037698,-0.9244102835655212,-0.020307276397943497,0.3808536231517792
28000.0,-4.529078960418701,0.4939206838607788,-2.234781503677368,0.002879644278436899,-0.9245847463607788,-0.020100686699151993,0.38043496012687683
28000.0,-4.528716564178467,0.4938339293003082,-2.2343924045562744,0.003676406340673566,-0.9229888916015625,-0.02243073470890522,0.3841548264026642
28000.0,-4.528645992279053,0.4938015341758728,-2.23441219329834,0.004461868666112423,-0.9233033061027527,-0.0219409242272377,0.38341841101646423
28000.0,-4.528198719024658,0.49365824460983276,-2.234025001525879,0.004550537094473839,-0.9218301177024841,-0.024091539904475212,0.38681814074516296
28000.0,-4.5279154777526855,0.493774950504303,-2.233952760696411,0.002508468460291624,-0.921323299407959,-0.02402208000421524,0.3880464434623718
28000.0,-4.5279693603515625,0.4939175546169281,-2.2341556549072266,0.0008586625917814672,-0.9219712615013123,-0.02193242497742176,0.386635959148407
28000.0,-4.52789831161499,0.4938991367816925,-2.2341816425323486,0.0013304657768458128,-0.922252357006073,-0.022209087386727333,0.38594764471054077
28000.0,-4.527739524841309,0.4938375651836395,-2.234083652496338,0.0016058409819379449,-0.9220433831214905,-0.02262575924396515,0.38642147183418274
28000.0,-4.527561187744141,0.4937661588191986,-2.233955144882202,0.002200966700911522,-0.9217864871025085,-0.022675922140479088,0.3870279788970947
28000.0,-4.527435779571533,0.49374517798423767,-2.2338945865631104,0.0018047051271423697,-0.9214577674865723,-0.021897977218031883,0.3878566324710846
28000.0,-4.52733039855957,0.4937710762023926,-2.233933925628662,0.0011285118525847793,-0.9215637445449829,-0.02112603560090065,0.38765013217926025
28000.0,-4.527357578277588,0.4937703311443329,-2.2340404987335205,0.0012362324632704258,-0.9221084713935852,-0.02007516659796238,0.38640835881233215
28000.0,-4.5272369384765625,0.49383479356765747,-2.2339959144592285,0.001195488148368895,-0.9219372868537903,-0.019927268847823143,0.386824369430542
28000.0,-4.526924133300781,0.4937709867954254,-2.2338192462921143,0.001819007913582027,-0.9210931658744812,-0.02098201960325241,0.3887723386287689
28000.0,-4.526792526245117,0.49379241466522217,-2.2337446212768555,0.0020456926431506872,-0.9210155606269836,-0.02084549143910408,0.3889622092247009
28000.0,-4.526743412017822,0.4937802851200104,-2.2337589263916016,0.002419516211375594,-0.9212565422058105,-0.020484348759055138,0.3884081244468689
28000.0,-4.526675701141357,0.4938189387321472,-2.233708143234253,0.0021446426399052143,-0.9212797284126282,-0.020198864862322807,0.38836976885795593
28000.0,-4.526641845703125,0.49382635951042175,-2.2337148189544678,0.002721883822232485,-0.9216205477714539,-0.019230064004659653,0.3876059055328369
28000.0,-4.526488780975342,0.4938049018383026,-2.2336320877075195,0.002584207570180297,-0.9213911294937134,-0.01940753497183323,0.3881431221961975
28000.0,-4.526360034942627,0.493883341550827,-2.233539581298828,0.0024837402161210775,-0.9212687611579895,-0.019623031839728355,0.3884233236312866
28000.0,-4.526301383972168,0.49387916922569275,-2.2335758209228516,0.002362829400226474,-0.9215555191040039,-0.019098827615380287,0.3877693712711334
28000.0,-4.526195526123047,0.49383431673049927,-2.2335541248321533,0.0024608380626887083,-0.9216753244400024,-0.01895398087799549,0.38749101758003235
28500.0,-4.526058673858643,0.4938430190086365,-2.2334985733032227,0.003057529916986823,-0.9216493964195251,-0.019152721390128136,0.3875386714935303
28500.0,-4.525993347167969,0.493895947933197,-2.233492374420166,0.0028035573195666075,-0.9217451810836792,-0.018188245594501495,0.3873591721057892
28500.0,-4.526007175445557,0.49390968680381775,-2.2335286140441895,0.0031993912998586893,-0.9221556782722473,-0.017625728622078896,0.386403888463974
28500.0,-4.525936126708984,0.49392080307006836,-2.233455181121826,0.003973174374550581,-0.9221903085708618,-0.018082451075315475,0.386292964220047
28500.0,-4.525878429412842,0.4939250946044922,-2.2334303855895996,0.003594619920477271,-0.9222498536109924,-0.017978379502892494,0.38615939021110535
28500.0,-4.525814533233643,0.49392950534820557,-2.2334444522857666,0.0029726948123425245,-0.9223305583000183,-0.017570585012435913,0.38599061965942383
28500.0,-4.525838375091553,0.4939112067222595,-2.2335286140441895,0.002642866689711809,-0.9227979183197021,-0.01645088568329811,0.3849242031574249
28500.0,-4.5257792472839355,0.4938795566558838,-2.2335050106048584,0.002650762675330043,-0.9227540493011475,-0.016716359183192253,0.3850175738334656
28500.0,-4.525725364685059,0.4938887357711792,-2.233482837677002,0.0023560805711895227,-0.9227752089500427,-0.0170744601637125,0.38495302200317383
28500.0,-4.525643825531006,0.4938920736312866,-2.2334680557250977,0.0021323268301784992,-0.9228386878967285,-0.01635541208088398,0.38483336567878723
28500.0,-4.525571823120117,0.4938387870788574,-2.2334659099578857,0.001929750433191657,-0.9228972792625427,-0.01650509424507618,0.38468748331069946
28500.0,-4.525421142578125,0.49351972341537476,-2.233346700668335,0.004830676130950451,-0.9225332736968994,-0.016877703368663788,0.38551807403564453
28500.0,-4.525176048278809,0.49321162700653076,-2.2330172061920166,0.0080752307549119,-0.9215134978294373,-0.0188758447766304,0.38780325651168823
28500.0,-4.5250935554504395,0.4931347370147705,-2.2330756187438965,0.008023598231375217,-0.9215503334999084,-0.018618473783135414,0.38772931694984436
28500.0,-4.5249762535095215,0.4931422173976898,-2.2330732345581055,0.007675915956497192,-0.9214133620262146,-0.01855643093585968,0.3880646526813507
28500.0,-4.525518894195557,0.4934858977794647,-2.233635425567627,0.004601202439516783,-0.923986554145813,-0.014256269671022892,0.38213157653808594
28500.0,-4.525506496429443,0.4935287833213806,-2.2337405681610107,0.0034541890490800142,-0.9247590899467468,-0.013859732076525688,0.3802851140499115
28500.0,-4.525339603424072,0.49343809485435486,-2.2335662841796875,0.0035156533122062683,-0.9240410327911377,-0.014749637804925442,0.38199278712272644
28500.0,-4.52481746673584,0.49311238527297974,-2.233074188232422,0.005698377266526222,-0.9221140146255493,-0.017305847257375717,0.38648924231529236
28500.0,-4.5251359939575195,0.49335047602653503,-2.233471155166626,0.002966963918879628,-0.9236485958099365,-0.015026762150228024,0.38293448090553284
29000.0,-4.52507209777832,0.49335619807243347,-2.2334461212158203,0.0025671925395727158,-0.9237262606620789,-0.015231089666485786,0.38274165987968445
29000.0,-4.524960041046143,0.49334192276000977,-2.2333240509033203,0.0025348730850964785,-0.9233837127685547,-0.01567937061190605,0.3835495412349701
29000.0,-4.5246052742004395,0.4931195080280304,-2.233006477355957,0.0040820385329425335,-0.9222932457923889,-0.017504874616861343,0.3860727846622467
29000.0,-4.524486541748047,0.49304306507110596,-2.232935667037964,0.002760753035545349,-0.9221721887588501,-0.017583582550287247,0.38636982440948486
29000.0,-4.524333953857422,0.49292880296707153,-2.2328031063079834,0.002352886600419879,-0.9218091368675232,-0.018569340929389,0.38719189167022705
29000.0,-4.5243682861328125,0.49297136068344116,-2.232811212539673,0.0018350776517763734,-0.9223103523254395,-0.018081901594996452,0.3860226273536682
29000.0,-4.5244140625,0.49297332763671875,-2.2328364849090576,0.0005546292522922158,-0.9228035807609558,-0.018255222588777542,0.3848375082015991
29000.0,-4.524457931518555,0.4928554594516754,-2.2328834533691406,-0.0013438238529488444,-0.9232974052429199,-0.01793021149933338,0.3836648762226105
29000.0,-4.524483680725098,0.49278923869132996,-2.2329375743865967,-0.003690454177558422,-0.9237560033798218,-0.01671748422086239,0.3825989067554474
29000.0,-4.524415969848633,0.49278536438941956,-2.2328274250030518,-0.003901789663359523,-0.9236423373222351,-0.017667585983872414,0.3828282356262207
29000.0,-4.524356842041016,0.49283158779144287,-2.232839822769165,-0.004215228371322155,-0.9239369630813599,-0.017020070925354958,0.38214269280433655
29000.0,-4.524143218994141,0.4927956759929657,-2.2326955795288086,-0.0038760099560022354,-0.9234907031059265,-0.01773139089345932,0.38319143652915955
29000.0,-4.524000644683838,0.49273186922073364,-2.2326745986938477,-0.003314551431685686,-0.9235089421272278,-0.017815586179494858,0.3831486403942108
29000.0,-4.5238471031188965,0.4927009046077728,-2.23258113861084,-0.002992096124216914,-0.9234978556632996,-0.017842967063188553,0.3831767141819
29000.0,-4.523945331573486,0.4929674565792084,-2.2325961589813232,-0.0006446983315981925,-0.9242071509361267,-0.016807138919830322,0.38152098655700684
29000.0,-4.5240159034729,0.4931604564189911,-2.232663631439209,0.002079454017803073,-0.9245389103889465,-0.014924667775630951,0.38078978657722473
29000.0,-4.524057865142822,0.49325382709503174,-2.232741355895996,0.0035657910630106926,-0.924882173538208,-0.014006326906383038,0.3799792230129242
29000.0,-4.523409843444824,0.49281570315361023,-2.232602834701538,-0.0029843361116945744,-0.9235934615135193,-0.016135552898049355,0.3830220103263855
29000.0,-4.523319244384766,0.49300941824913025,-2.2325174808502197,3.493637223073165e-06,-0.9244883060455322,-0.01582917384803295,0.38088157773017883
29500.0,-4.522826671600342,0.49273380637168884,-2.232398271560669,-0.0006093470728956163,-0.9234947562217712,-0.01721525564789772,0.38322415947914124
29500.0,-4.5225396156311035,0.4928467571735382,-2.232362985610962,0.0005225324421189725,-0.9231828451156616,-0.016990015283226967,0.3839850127696991
29500.0,-4.522795677185059,0.49353933334350586,-2.2331314086914062,0.00047014158917590976,-0.9258886575698853,-0.013294721022248268,0.3775622546672821
29500.0,-4.522494792938232,0.4936724007129669,-2.2328696250915527,0.006355280056595802,-0.9242456555366516,-0.01608424074947834,0.38140642642974854
29500.0,-4.522329807281494,0.4938616156578064,-2.2329893112182617,0.005935892462730408,-0.924880862236023,-0.018653087317943573,0.3797529339790344
29500.0,-4.522136688232422,0.4939618408679962,-2.233093023300171,0.004737683106213808,-0.9254729747772217,-0.019553815945982933,0.3782791495323181
29500.0,-4.5219902992248535,0.4939614236354828,-2.233077049255371,0.004516311921179295,-0.9255169034004211,-0.01943560317158699,0.37818029522895813
29500.0,-4.521931171417236,0.4939877688884735,-2.2330479621887207,0.00441175140440464,-0.9256950616836548,-0.01914418302476406,0.3777600824832916
29500.0,-4.5218634605407715,0.49395766854286194,-2.233081817626953,0.004195705521851778,-0.926054835319519,-0.017487255856394768,0.376960426568985
29500.0,-4.521808624267578,0.49355247616767883,-2.2331862449645996,0.006113556679338217,-0.9266303181648254,-0.011065594851970673,0.3757612407207489
29500.0,-4.52175235748291,0.49352532625198364,-2.2330799102783203,0.006499623879790306,-0.9264532327651978,-0.01010260172188282,0.37621811032295227
29500.0,-4.5216898918151855,0.4934946298599243,-2.232964515686035,0.0068336171098053455,-0.9262592792510986,-0.009618229232728481,0.3767024576663971
29500.0,-4.521448612213135,0.49348095059394836,-2.2325327396392822,0.007711524609476328,-0.9245697259902954,-0.012810863554477692,0.3807195723056793
29500.0,-4.521267890930176,0.4935488998889923,-2.232548236846924,0.006930969189852476,-0.9247943758964539,-0.014496601186692715,0.3801279067993164
29500.0,-4.520759105682373,0.49346089363098145,-2.2322354316711426,0.007967132143676281,-0.9237369298934937,-0.01909344084560871,0.3824685513973236
29500.0,-4.520566463470459,0.4934843182563782,-2.232191562652588,0.007894306443631649,-0.9236950874328613,-0.02099830098450184,0.3824709355831146
29500.0,-4.520511627197266,0.49355700612068176,-2.2322418689727783,0.007092250976711512,-0.9241155982017517,-0.021330632269382477,0.38145121932029724
29500.0,-4.520380020141602,0.49346309900283813,-2.232192039489746,0.006994215305894613,-0.9241049289703369,-0.021026398986577988,0.38149574398994446
29500.0,-4.520240306854248,0.49333637952804565,-2.2320876121520996,0.007556877564638853,-0.9240239858627319,-0.021514758467674255,0.38165393471717834
29500.0,-4.520174980163574,0.49332281947135925,-2.2320539951324463,0.007683523930609226,-0.9241797924041748,-0.021859273314476013,0.3812543451786041
29500.0,-4.520152568817139,0.49336379766464233,-2.2320778369903564,0.007702098228037357,-0.9246517419815063,-0.021766364574432373,0.38011330366134644
30000.0,-4.520097732543945,0.49340692162513733,-2.232077121734619,0.007232705131173134,-0.9249085783958435,-0.02202076092362404,0.3794824779033661
30000.0,-4.519925594329834,0.4933268129825592,-2.2319605350494385,0.0070037925615906715,-0.9246092438697815,-0.0229465551674366,0.38016068935394287
30000.0,-4.520256519317627,0.49369749426841736,-2.2322192192077637,0.006664149463176727,-0.9267135262489319,-0.021500756964087486,0.37509381771087646
30000.0,-4.520317554473877,0.49371087551116943,-2.2322163581848145,0.005503457970917225,-0.9276005029678345,-0.021463949233293533,0.3729161024093628
30000.0,-4.5202317237854,0.49352380633354187,-2.232051372528076,0.004188382066786289,-0.9272611141204834,-0.022262802347540855,0.3737294375896454
30000.0,-4.520106315612793,0.49324679374694824,-2.231935739517212,0.0025447288062423468,-0.9266018867492676,-0.022879179567098618,0.37533849477767944
30000.0,-4.520005702972412,0.4930937588214874,-2.231900691986084,-0.00017207200289703906,-0.9262998700141907,-0.023805521428585052,0.37603437900543213
30000.0,-4.519908905029297,0.49302318692207336,-2.231844186782837,-0.0016412455588579178,-0.9262744784355164,-0.023832641541957855,0.37609177827835083
30000.0,-4.519781112670898,0.4930405914783478,-2.2317698001861572,-0.0008056756341829896,-0.9262003898620605,-0.023873373866081238,0.3762741982936859
30000.0,-4.519655227661133,0.4931069314479828,-2.2316811084747314,-0.00011219702719245106,-0.9261717200279236,-0.024062084034085274,0.3763335347175598
30000.0,-4.519559860229492,0.4931347072124481,-2.231661796569824,-0.00033453473588451743,-0.9262579083442688,-0.023555126041173935,0.3761533498764038
30000.0,-4.519468784332275,0.4931718409061432,-2.231628179550171,0.00012816177331842482,-0.9262920022010803,-0.023856710642576218,0.3760504424571991
30000.0,-4.519545555114746,0.49331188201904297,-2.2316811084747314,-0.000547147705219686,-0.9270145297050476,-0.019621478393673897,0.37451139092445374
30000.0,-4.519471168518066,0.49331772327423096,-2.231687068939209,-0.0006792264175601304,-0.9271732568740845,-0.018655171617865562,0.37416738271713257
30000.0,-4.51942253112793,0.493339866399765,-2.231630802154541,-0.0012327772565186024,-0.9272540211677551,-0.018635382875800133,0.37396708130836487
30000.0,-4.519337177276611,0.49329137802124023,-2.2316248416900635,-0.0009763046400621533,-0.9274041652679443,-0.018437858670949936,0.3736048936843872
30000.0,-4.519288539886475,0.49329283833503723,-2.231665849685669,-0.0016210057074204087,-0.9275978803634644,-0.017757993191480637,0.3731544017791748
30000.0,-4.519199371337891,0.4932926893234253,-2.231637954711914,-0.0019324829336255789,-0.9275223612785339,-0.017417965456843376,0.3733566701412201
30000.0,-4.51910924911499,0.493302583694458,-2.2316083908081055,-0.0019813990220427513,-0.9275588989257812,-0.0173095241189003,0.37327060103416443
30000.0,-4.519045829772949,0.49330854415893555,-2.2315776348114014,-0.0016679727705195546,-0.9276110529899597,-0.01684514433145523,0.3731638193130493
30500.0,-4.518987655639648,0.49328330159187317,-2.231581211090088,-0.0012669061543419957,-0.9275621771812439,-0.01673964038491249,0.3732917904853821
30500.0,-4.518968105316162,0.4933803677558899,-2.2315618991851807,-0.0012059557484462857,-0.927706241607666,-0.016137484461069107,0.3729601204395294
30500.0,-4.5188679695129395,0.4933689832687378,-2.2314984798431396,-0.0003909524530172348,-0.9275957345962524,-0.016001101583242416,0.3732425272464752
30500.0,-4.518829345703125,0.4934161603450775,-2.231513500213623,-0.0006852205260656774,-0.927746593952179,-0.01602475717663765,0.3728658854961395
30500.0,-4.518737316131592,0.49340081214904785,-2.231548547744751,-0.0008435729541815817,-0.9277880787849426,-0.01637580618262291,0.3727470338344574
30500.0,-4.518661975860596,0.4934277832508087,-2.2315731048583984,-0.0017849125433713198,-0.9279608726501465,-0.01577204465866089,0.37233951687812805
30500.0,-4.518607139587402,0.49342986941337585,-2.2315900325775146,-0.0018865508027374744,-0.9281454682350159,-0.015114318579435349,0.3719058930873871
30500.0,-4.518563270568848,0.49342072010040283,-2.2315773963928223,-0.0016574693145230412,-0.928222119808197,-0.01503953617066145,0.3717186748981476
30500.0,-4.518501281738281,0.493394136428833,-2.231569528579712,-0.0017181463772431016,-0.928229033946991,-0.014920462854206562,0.37170594930648804
30500.0,-4.5184102058410645,0.4933420717716217,-2.2316133975982666,-0.0016819789307191968,-0.9282717108726501,-0.01465219259262085,0.371610164642334
30500.0,-4.518362998962402,0.49335581064224243,-2.2316768169403076,-0.0016548552084714174,-0.928513765335083,-0.014330858364701271,0.37101757526397705
30500.0,-4.518282413482666,0.4933270215988159,-2.2316651344299316,-0.0010293023660779,-0.928540825843811,-0.014337328262627125,0.37095192074775696
30500.0,-4.5182271003723145,0.49335041642189026,-2.231645107269287,-0.00064125657081604,-0.9286298155784607,-0.014503225684165955,0.3707234859466553
30500.0,-4.518189907073975,0.49336448311805725,-2.2316298484802246,0.00010100060171680525,-0.9288066029548645,-0.014410405419766903,0.3702845573425293
30500.0,-4.51813268661499,0.4933866560459137,-2.231654167175293,0.0006452288362197578,-0.9289354085922241,-0.014084517024457455,0.36997321248054504
30500.0,-4.518065929412842,0.4933730661869049,-2.231600284576416,0.0015458916313946247,-0.9289013743400574,-0.014232201501727104,0.3700503706932068
30500.0,-4.518022537231445,0.4934435486793518,-2.231583833694458,0.002436351263895631,-0.929029643535614,-0.014352772384881973,0.3697188198566437
30500.0,-4.518009662628174,0.4935164749622345,-2.231576919555664,0.003070438513532281,-0.9291576147079468,-0.014193677343428135,0.3693985342979431
30500.0,-4.517945289611816,0.4935469925403595,-2.2314765453338623,0.0034576787147670984,-0.9288726449012756,-0.015478439629077911,0.3700595498085022
30500.0,-4.517900466918945,0.49353328347206116,-2.231487274169922,0.003860743250697851,-0.9290531277656555,-0.014752067625522614,0.36963197588920593
30500.0,-4.517822742462158,0.4935048520565033,-2.2314562797546387,0.004038538783788681,-0.928953230381012,-0.014544042758643627,0.36988916993141174
30500.0,-4.517772674560547,0.49349576234817505,-2.2315006256103516,0.004493117332458496,-0.9291159510612488,-0.014258530922234058,0.3694862127304077
31000.0,-4.517734527587891,0.49355190992355347,-2.231482744216919,0.004530157428234816,-0.929194986820221,-0.014154612086713314,0.3692910075187683
31000.0,-4.517667770385742,0.4934861660003662,-2.2314512729644775,0.0049685584381222725,-0.92897629737854,-0.014788399450480938,0.3698102831840515
31000.0,-4.517493724822998,0.49355626106262207,-2.23132061958313,0.0034445126075297594,-0.9284937977790833,-0.015301779843866825,0.37101659178733826
31000.0,-4.517205715179443,0.49355459213256836,-2.231092929840088,0.0021460331045091152,-0.927664577960968,-0.01658683642745018,0.37304002046585083
31000.0,-4.517061710357666,0.4935668408870697,-2.230971336364746,0.0007709285127930343,-0.9272190928459167,-0.016381271183490753,0.37416014075279236
31000.0,-4.516969680786133,0.4935247600078583,-2.2309226989746094,0.0007117794593796134,-0.9270934462547302,-0.015891561284661293,0.3744926452636719
31000.0,-4.516936302185059,0.4934750497341156,-2.230933904647827,0.0009853115770965815,-0.9272751808166504,-0.015513027086853981,0.3740575909614563
31000.0,-4.516913414001465,0.4934554398059845,-2.230900526046753,0.0013816546415910125,-0.9274587631225586,-0.015154082328081131,0.3736156225204468
31000.0,-4.516842842102051,0.4934234917163849,-2.2308714389801025,0.00197831098921597,-0.9275481700897217,-0.015610601752996445,0.3733721971511841
31000.0,-4.51677131652832,0.4934419095516205,-2.2308738231658936,0.0018589395331218839,-0.9277128577232361,-0.015231478027999401,0.372979074716568
31000.0,-4.516642093658447,0.49344730377197266,-2.230909585952759,0.0017948023742064834,-0.9276344180107117,-0.01542047131806612,0.3731667101383209
31000.0,-4.516489505767822,0.49349096417427063,-2.230900287628174,0.00184049759991467,-0.9276888370513916,-0.01564773917198181,0.3730217218399048
31000.0,-4.516450881958008,0.49356526136398315,-2.230924367904663,0.0020149920601397753,-0.928047239780426,-0.015469877049326897,0.37213563919067383
31000.0,-4.516347408294678,0.49357300996780396,-2.230924606323242,0.002504691481590271,-0.9281701445579529,-0.01602722331881523,0.371802419424057
31000.0,-4.516314506530762,0.49359723925590515,-2.230914831161499,0.0032713296823203564,-0.9285057783126831,-0.016352888196706772,0.3709433078765869
31000.0,-4.516265392303467,0.4935959279537201,-2.2309324741363525,0.004906340967863798,-0.9289290308952332,-0.015519263222813606,0.3698999881744385
31000.0,-4.516279697418213,0.49366024136543274,-2.2309842109680176,0.0073514459654688835,-0.92982417345047,-0.014540286734700203,0.36764323711395264
31000.0,-4.516159534454346,0.49376022815704346,-2.2309181690216064,0.010751377791166306,-0.9302446842193604,-0.01438660454005003,0.3665000796318054
31000.0,-4.515852928161621,0.49392935633659363,-2.230729341506958,0.012831784784793854,-0.9299535155296326,-0.016131039708852768,0.3670991361141205
31000.0,-4.5157036781311035,0.4940040111541748,-2.2307562828063965,0.013652966357767582,-0.9301367998123169,-0.015565771609544754,0.366629034280777
31500.0,-4.515636444091797,0.4940071702003479,-2.2308616638183594,0.012869982048869133,-0.9302404522895813,-0.015222515910863876,0.36640864610671997
31500.0,-4.515150547027588,0.4936842620372772,-2.231013774871826,0.0054349880665540695,-0.9285041093826294,-0.015984168276190758,0.3709382712841034
31500.0,-4.514975070953369,0.49376681447029114,-2.2309534549713135,0.005725995171815157,-0.9282565712928772,-0.015195731073617935,0.37158581614494324
31500.0,-4.514882564544678,0.4937363266944885,-2.230982780456543,0.00497767049819231,-0.9281565546989441,-0.014284064061939716,0.3718825876712799
31500.0,-4.514914035797119,0.49374136328697205,-2.2309775352478027,0.005423220805823803,-0.9285507798194885,-0.013761828653514385,0.3709108233451843
31500.0,-4.514932155609131,0.49368852376937866,-2.2310235500335693,0.005413196049630642,-0.9288108348846436,-0.014156350865960121,0.3702441155910492
31500.0,-4.514899730682373,0.49367037415504456,-2.231032609939575,0.005492549389600754,-0.9290432333946228,-0.014146124012768269,0.36965981125831604
31500.0,-4.5149688720703125,0.4936979413032532,-2.231260061264038,0.005435517989099026,-0.9301436543464661,-0.013846571557223797,0.366894394159317
31500.0,-4.514904499053955,0.4937092959880829,-2.2313034534454346,0.005235671065747738,-0.9302766919136047,-0.013085947372019291,0.3665878176689148
31500.0,-4.514861583709717,0.49380138516426086,-2.2310454845428467,0.009999031201004982,-0.9302319884300232,-0.012459821067750454,0.36662423610687256
31500.0,-4.514764785766602,0.49381110072135925,-2.2307136058807373,0.010883498936891556,-0.9295468330383301,-0.013693529181182384,0.3682888448238373
31500.0,-4.514853000640869,0.493712455034256,-2.230722188949585,0.009995904751121998,-0.9298692345619202,-0.01221498940140009,0.3675514757633209
31500.0,-4.514923572540283,0.49348708987236023,-2.2308731079101562,0.007937324233353138,-0.9300870895385742,-0.010814180597662926,0.3670942187309265
31500.0,-4.5149383544921875,0.49338477849960327,-2.230928659439087,0.005800698418170214,-0.9300658702850342,-0.010019013658165932,0.3672105073928833
31500.0,-4.514888286590576,0.493340402841568,-2.230869770050049,0.005646666511893272,-0.9300084710121155,-0.01049993745982647,0.3673446476459503
31500.0,-4.514791488647461,0.4933588206768036,-2.2309300899505615,0.006216229405254126,-0.9300888180732727,-0.009328151121735573,0.36716386675834656
31500.0,-4.514708518981934,0.4933558702468872,-2.2309956550598145,0.007248810492455959,-0.9303464293479919,-0.008239186368882656,0.3665176033973694
31500.0,-4.514533996582031,0.4933866560459137,-2.230907917022705,0.007887131534516811,-0.9300509095191956,-0.008916186168789864,0.36723780632019043
31500.0,-4.514379024505615,0.4933876395225525,-2.230834722518921,0.008819540962576866,-0.929902970790863,-0.009027878753840923,0.3675882816314697
31500.0,-4.514233589172363,0.4933871328830719,-2.2307839393615723,0.010049035772681236,-0.9297527074813843,-0.009513407945632935,0.3679245412349701
31500.0,-4.514066219329834,0.4934254288673401,-2.2307205200195312,0.010636040940880775,-0.9296959042549133,-0.008614448830485344,0.36807361245155334
32000.0,-4.5139055252075195,0.4934444725513458,-2.230720281600952,0.010785860009491444,-0.9298220276832581,-0.0077049401588737965,0.3677706718444824
32000.0,-4.513554573059082,0.4934714734554291,-2.2305221557617188,0.011149792931973934,-0.929154098033905,-0.008483238518238068,0.3694270849227905
32000.0,-4.51347541809082,0.49353089928627014,-2.2305545806884766,0.011627246625721455,-0.9293655753135681,-0.007946889847517014,0.36889198422431946
32000.0,-4.5132622718811035,0.49353376030921936,-2.2304718494415283,0.012445954605937004,-0.9291890263557434,-0.00889153964817524,0.36928820610046387
32000.0,-4.513073444366455,0.4935247600078583,-2.230405330657959,0.013020021840929985,-0.9295384883880615,-0.0075545767322182655,0.36841776967048645
32000.0,-4.512937545776367,0.49357327818870544,-2.230315923690796,0.012963504530489445,-0.929714024066925,-0.006888674572110176,0.36798956990242004
32000.0,-4.512803077697754,0.49360570311546326,-2.2302355766296387,0.013735481537878513,-0.929768979549408,-0.006482446566224098,0.3678303062915802
32000.0,-4.51265811920166,0.4935767352581024,-2.2301924228668213,0.014873652718961239,-0.9298467040061951,-0.006395574659109116,0.3675907552242279
32000.0,-4.512495517730713,0.4934759736061096,-2.2301623821258545,0.014881552197039127,-0.9297652840614319,-0.006911893840879202,0.3677869439125061
32000.0,-4.5123515129089355,0.49343010783195496,-2.230147361755371,0.01505904458463192,-0.930000364780426,-0.006539362017065287,0.36719176173210144
32000.0,-4.512454986572266,0.49337640404701233,-2.2306969165802,0.007334586698561907,-0.9321593046188354,-0.0033090575598180294,0.36195895075798035
32000.0,-4.5120415687561035,0.4933764636516571,-2.230130434036255,0.012635870836675167,-0.9303609132766724,-0.00768354581668973,0.3663468360900879
32000.0,-4.511940956115723,0.4935462176799774,-2.229987621307373,0.015534495934844017,-0.9303237795829773,-0.007788693066686392,0.36632734537124634
32000.0,-4.511829853057861,0.49353906512260437,-2.2299580574035645,0.016990715637803078,-0.9305819869041443,-0.00778049323707819,0.36560624837875366
32000.0,-4.5118794441223145,0.49344953894615173,-2.2306227684020996,0.009374488145112991,-0.9328978061676025,-0.0045965672470629215,0.3599897623062134
32000.0,-4.511799335479736,0.49362659454345703,-2.230546474456787,0.008534358814358711,-0.93304044008255,-0.00527699152007699,0.35963156819343567
32000.0,-4.511497974395752,0.4935014247894287,-2.2305212020874023,0.010436835698783398,-0.9322681427001953,-0.014152513816952705,0.3613404333591461
32000.0,-4.511387825012207,0.4937744438648224,-2.23075270652771,0.008792165666818619,-0.9333678483963013,-0.017850808799266815,0.35836920142173767
32000.0,-4.511203765869141,0.49375632405281067,-2.230698585510254,0.009075121954083443,-0.9332664608955383,-0.018873853608965874,0.3585737347602844
32000.0,-4.511102676391602,0.49372604489326477,-2.230740547180176,0.008814189583063126,-0.9336061477661133,-0.017979705706238747,0.35774093866348267
32500.0,-4.511037349700928,0.4937222898006439,-2.2307040691375732,0.008604561910033226,-0.9336849451065063,-0.017924077808856964,0.3575431704521179
32500.0,-4.510934352874756,0.49367207288742065,-2.2306935787200928,0.008484276942908764,-0.9337014555931091,-0.017497234046459198,0.3575240969657898
32500.0,-4.5107927322387695,0.4936210513114929,-2.2306246757507324,0.008635423146188259,-0.9334571957588196,-0.017716264352202415,0.358146995306015
32500.0,-4.5107011795043945,0.4936877191066742,-2.230590581893921,0.008016509003937244,-0.9335221648216248,-0.01720205321907997,0.35801708698272705
32500.0,-4.510636806488037,0.4937324523925781,-2.2305715084075928,0.006933122873306274,-0.9335963129997253,-0.017503809183835983,0.3578316271305084
32500.0,-4.510514259338379,0.49374786019325256,-2.2305214405059814,0.006460417527705431,-0.933508038520813,-0.017733942717313766,0.35805943608283997
32500.0,-4.510357856750488,0.4936983287334442,-2.230403184890747,0.006389675196260214,-0.9331492185592651,-0.01766764000058174,0.35899797081947327
32500.0,-4.510288715362549,0.4937620460987091,-2.230436086654663,0.005121868569403887,-0.9336298108100891,-0.016238387674093246,0.3578343987464905
32500.0,-4.51019811630249,0.49375754594802856,-2.230398416519165,0.004338325932621956,-0.9337058663368225,-0.016536295413970947,0.3576326370239258
32500.0,-4.510032653808594,0.493732750415802,-2.230186700820923,0.004840779583901167,-0.9330968260765076,-0.017623836174607277,0.35916054248809814
32500.0,-4.5100555419921875,0.4939618408679962,-2.2301764488220215,0.0028873486444354057,-0.9332913160324097,-0.018660468980669975,0.3586234450340271
32500.0,-4.509908676147461,0.4938030242919922,-2.2302544116973877,0.003561616875231266,-0.9337085485458374,-0.016233425587415695,0.35764816403388977
32500.0,-4.509807109832764,0.4938547909259796,-2.2301878929138184,0.0031057014130055904,-0.9337303042411804,-0.016382426023483276,0.3575887382030487
32500.0,-4.5097198486328125,0.4938639998435974,-2.230135440826416,0.0031047905795276165,-0.9337384700775146,-0.01572347618639469,0.3575969934463501
32500.0,-4.509645462036133,0.49392426013946533,-2.2300944328308105,0.002477091271430254,-0.9338710904121399,-0.015327826142311096,0.3572726547718048
32500.0,-4.50952672958374,0.4939763844013214,-2.23004412651062,0.0026327972300350666,-0.9339849948883057,-0.01605798304080963,0.3569415211677551
32500.0,-4.509438991546631,0.493971049785614,-2.230031728744507,0.0030260493513196707,-0.9341560006141663,-0.016078801825642586,0.356489896774292
32500.0,-4.509297847747803,0.49394071102142334,-2.2298340797424316,0.0029595857486128807,-0.9336066842079163,-0.016510842368006706,0.357906699180603
32500.0,-4.509242057800293,0.49398180842399597,-2.2298383712768555,0.0035162342246621847,-0.9338240027427673,-0.016658928245306015,0.35732731223106384
32500.0,-4.509059429168701,0.49392780661582947,-2.2296290397644043,0.004294630140066147,-0.9332684278488159,-0.017145738005638123,0.3587445616722107
33000.0,-4.508893966674805,0.4938936233520508,-2.229534864425659,0.004362916573882103,-0.9329238533973694,-0.017365578562021255,0.3596283197402954
33000.0,-4.508872985839844,0.4939187169075012,-2.229630708694458,0.0036466652527451515,-0.9334486722946167,-0.01669442281126976,0.3583036959171295
33000.0,-4.5088629722595215,0.49413472414016724,-2.2294468879699707,0.001480181934311986,-0.932854413986206,-0.01951075717806816,0.3597217798233032
33000.0,-4.508820533752441,0.49417832493782043,-2.229384183883667,0.000847988820169121,-0.9328092932701111,-0.020431380718946457,0.3597896695137024
33000.0,-4.508626461029053,0.49407142400741577,-2.2291290760040283,0.0012068627402186394,-0.9319521188735962,-0.020274266600608826,0.36201211810112
33000.0,-4.508156776428223,0.4938718378543854,-2.228888511657715,0.0014497728552669287,-0.9304295778274536,-0.022732172161340714,0.3657623827457428
33000.0,-4.5082526206970215,0.4939678907394409,-2.228898286819458,0.0013166532153263688,-0.9311416745185852,-0.022080665454268456,0.36398616433143616
33000.0,-4.508493900299072,0.49404457211494446,-2.229186773300171,-0.00010524882236495614,-0.9327468276023865,-0.02068583481013775,0.35993844270706177
33000.0,-4.508152484893799,0.4938828647136688,-2.2288522720336914,0.0005999261047691107,-0.9314226508140564,-0.021841496229171753,0.3632830083370209
33000.0,-4.50813102722168,0.4939574599266052,-2.2288424968719482,-0.00010504280362511054,-0.9316501617431641,-0.021727396175265312,0.3627062737941742
33000.0,-4.507850646972656,0.4938713610172272,-2.2287039756774902,0.00011380497016943991,-0.931065022945404,-0.022496584802865982,0.3641590476036072
33000.0,-4.507818222045898,0.49390146136283875,-2.2287473678588867,-0.00011091613123426214,-0.9313341379165649,-0.02121065929532051,0.3635477125644684
33000.0,-4.507610321044922,0.49384936690330505,-2.2286813259124756,0.0006325548165477812,-0.9308822751045227,-0.02142936736345291,0.36468973755836487
33000.0,-4.5073466300964355,0.49378451704978943,-2.228628158569336,0.0010393691482022405,-0.9300520420074463,-0.0219747181981802,0.3667687177658081
33000.0,-4.5074920654296875,0.4938800632953644,-2.228696584701538,0.0009143362985923886,-0.931280255317688,-0.020055755972862244,0.36375001072883606
33000.0,-4.507615566253662,0.4938836395740509,-2.228773832321167,0.0014498630771413445,-0.9320144653320312,-0.019036857411265373,0.3619178235530853
33000.0,-4.507365703582764,0.49360156059265137,-2.2286934852600098,0.003929274622350931,-0.931408703327179,-0.02054678462445736,0.36337339878082275
33000.0,-4.507209777832031,0.49353674054145813,-2.2286877632141113,0.0051658134907484055,-0.9312521815299988,-0.020161191001534462,0.36378052830696106
33000.0,-4.507015228271484,0.49354055523872375,-2.228670120239258,0.00539406668394804,-0.9310605525970459,-0.020537657663226128,0.36424633860588074
33000.0,-4.506957530975342,0.493636816740036,-2.2287051677703857,0.004934449680149555,-0.9315810799598694,-0.01869722455739975,0.36301910877227783
33000.0,-4.506941795349121,0.4937613308429718,-2.2288358211517334,0.004421382211148739,-0.932181715965271,-0.019390054047107697,0.3614441156387329
33000.0,-4.506822109222412,0.4937668740749359,-2.228830575942993,0.004880158230662346,-0.9321713447570801,-0.019574683159589767,0.3614548444747925
33500.0,-4.506810665130615,0.49378034472465515,-2.2288661003112793,0.004819104447960854,-0.9327691197395325,-0.015345688909292221,0.36011549830436707
33500.0,-4.50662088394165,0.4936639070510864,-2.228768825531006,0.00581059604883194,-0.9324200749397278,-0.015182609669864178,0.36101049184799194
33500.0,-4.506597995758057,0.49370884895324707,-2.2288100719451904,0.005720821674913168,-0.9327921867370605,-0.013740326277911663,0.36010727286338806
33500.0,-4.506554126739502,0.49376237392425537,-2.228839159011841,0.0050879307091236115,-0.9331468939781189,-0.012944391928613186,0.35922613739967346
33500.0,-4.506468772888184,0.4937755763530731,-2.2288196086883545,0.005491739604622126,-0.9331976175308228,-0.013067511841654778,0.35908395051956177
33500.0,-4.506390571594238,0.4937886595726013,-2.2288222312927246,0.005915122572332621,-0.9333247542381287,-0.01271850522607565,0.35875916481018066
33500.0,-4.506342887878418,0.49375998973846436,-2.228879451751709,0.006082015112042427,-0.9336109757423401,-0.011170638725161552,0.3580624461174011
33500.0,-4.506263732910156,0.49374082684516907,-2.2288756370544434,0.0066050393506884575,-0.9337718486785889,-0.010518230497837067,0.35765331983566284
33500.0,-4.506157875061035,0.4937359392642975,-2.228813409805298,0.006968776695430279,-0.9337753653526306,-0.01094462163746357,0.357624351978302
33500.0,-4.506121635437012,0.49375298619270325,-2.2288339138031006,0.006640878040343523,-0.9339287877082825,-0.010396366938948631,0.35724619030952454
33500.0,-4.506053447723389,0.4937613606452942,-2.2288217544555664,0.006838825531303883,-0.934101939201355,-0.00997173972427845,0.3568015396595001
33500.0,-4.505922317504883,0.49365201592445374,-2.2290165424346924,0.008052504621446133,-0.9348909258842468,-0.007159124128520489,0.35477155447006226
33500.0,-4.505776882171631,0.4936322569847107,-2.228994607925415,0.009264274500310421,-0.9348231554031372,-0.007636361289769411,0.35491061210632324
33500.0,-4.505663871765137,0.4936846196651459,-2.2290072441101074,0.009195761755108833,-0.9350430965423584,-0.007447827607393265,0.3543364703655243
33500.0,-4.505579948425293,0.4936944842338562,-2.229121446609497,0.009320355020463467,-0.9352355003356934,-0.0071081179194152355,0.3538323640823364
33500.0,-4.505468368530273,0.49371272325515747,-2.2291104793548584,0.009718555025756359,-0.935127317905426,-0.007999892346560955,0.35408815741539
33500.0,-4.505111217498779,0.4936113953590393,-2.228710412979126,0.010770216584205627,-0.9335288405418396,-0.009207125753164291,0.3582223355770111
33500.0,-4.504706859588623,0.49358004331588745,-2.228311061859131,0.011469135992228985,-0.9320846796035767,-0.010332658886909485,0.3619113266468048
33500.0,-4.504582405090332,0.4935656487941742,-2.2282466888427734,0.011833409778773785,-0.9320156574249268,-0.010618693195283413,0.3620690107345581
34000.0,-4.504843235015869,0.49361711740493774,-2.2285001277923584,0.011880091391503811,-0.9332358241081238,-0.009343455545604229,0.3589462637901306
34000.0,-4.504909992218018,0.4936462342739105,-2.2286181449890137,0.012385906651616096,-0.9339168071746826,-0.009120762348175049,0.3571595847606659
34000.0,-4.504874229431152,0.49363160133361816,-2.228668689727783,0.012807131744921207,-0.9340876936912537,-0.009416626766324043,0.3566896617412567
34000.0,-4.504714488983154,0.49357959628105164,-2.2285587787628174,0.01283979695290327,-0.9336457848548889,-0.00945605430752039,0.35784244537353516
34000.0,-4.504480361938477,0.49355924129486084,-2.228379487991333,0.012925221584737301,-0.9329357147216797,-0.009875903837382793,0.35967549681663513
34000.0,-4.504398345947266,0.49355411529541016,-2.2283334732055664,0.01317552663385868,-0.9327841401100159,-0.010190669447183609,0.36005038022994995
34000.0,-4.50410795211792,0.49359604716300964,-2.2281057834625244,0.013118548318743706,-0.9320774674415588,-0.011616182513535023,0.36183497309684753
34000.0,-4.503932476043701,0.4936705231666565,-2.2279863357543945,0.012605883181095123,-0.9317345023155212,-0.01214261818677187,0.3627181649208069
34000.0,-4.50389289855957,0.49372774362564087,-2.22798228263855,0.012056881561875343,-0.931797981262207,-0.012875113636255264,0.36254844069480896
34000.0,-4.5038347244262695,0.49362459778785706,-2.227917432785034,0.01351473294198513,-0.931687593460083,-0.013395530171692371,0.36276182532310486
34000.0,-4.503781795501709,0.49358344078063965,-2.227881669998169,0.014318486675620079,-0.9316186904907227,-0.013547389768064022,0.36290228366851807
34000.0,-4.503939628601074,0.4933510720729828,-2.228166341781616,0.01610581949353218,-0.9323585629463196,-0.011410514824092388,0.36099591851234436
34000.0,-4.503814697265625,0.4933146834373474,-2.228151321411133,0.015987250953912735,-0.9323554635047913,-0.011985016986727715,0.360990434885025
34000.0,-4.503515243530273,0.4932083785533905,-2.228200674057007,0.01417210977524519,-0.9306309223175049,-0.01322156935930252,0.3654455840587616
34000.0,-4.50385856628418,0.4934338331222534,-2.228148937225342,0.015472684986889362,-0.9332611560821533,-0.010209253057837486,0.35871994495391846
34000.0,-4.503617763519287,0.49332937598228455,-2.228013753890991,0.015524238348007202,-0.932407557964325,-0.011569198220968246,0.36088961362838745
34000.0,-4.503442287445068,0.49327918887138367,-2.2279796600341797,0.014812775887548923,-0.9316614866256714,-0.011978736147284508,0.36282795667648315
34500.0,-4.503654479980469,0.49341917037963867,-2.2280309200286865,0.014228184707462788,-0.9333659410476685,-0.00955807976424694,0.3585166931152344
34500.0,-4.503530979156494,0.4933627247810364,-2.2279810905456543,0.014196233823895454,-0.9330388307571411,-0.009514638222754002,0.35936954617500305
34500.0,-4.503771781921387,0.4934740662574768,-2.228212594985962,0.01365991123020649,-0.9347350597381592,-0.008930441923439503,0.35497045516967773
34500.0,-4.503564357757568,0.49335384368896484,-2.22796630859375,0.013800359331071377,-0.9337604641914368,-0.01050217542797327,0.35747814178466797
34500.0,-4.503459453582764,0.4933168292045593,-2.227872610092163,0.01383894868195057,-0.9335963726043701,-0.010476553812623024,0.3579060435295105
34500.0,-4.50339412689209,0.49337539076805115,-2.227787971496582,0.013251333497464657,-0.9334831833839417,-0.010068390518426895,0.35823479294776917
34500.0,-4.503441333770752,0.49342629313468933,-2.2278788089752197,0.012616961263120174,-0.9341365694999695,-0.0097658671438694,0.3565591871738434
34500.0,-4.503359317779541,0.49339526891708374,-2.227774143218994,0.011690241284668446,-0.9340431690216064,-0.009949911385774612,0.35683006048202515
34500.0,-4.503396511077881,0.4933941960334778,-2.2278647422790527,0.011074886657297611,-0.9347802400588989,-0.00987556204199791,0.35491663217544556
34500.0,-4.503275394439697,0.49328315258026123,-2.2277262210845947,0.010492940433323383,-0.9342042803764343,-0.009941975586116314,0.3564455509185791
34500.0,-4.503259181976318,0.493306428194046,-2.227811336517334,0.010126998648047447,-0.9346653819084167,-0.00922534242272377,0.35526466369628906
34500.0,-4.503180027008057,0.4932694435119629,-2.2278339862823486,0.010306560434401035,-0.9349348545074463,-0.009121072478592396,0.35455232858657837
34500.0,-4.502978801727295,0.49346035718917847,-2.2274749279022217,0.01154758594930172,-0.9331516027450562,-0.011060027405619621,0.35912734270095825
34500.0,-4.502592086791992,0.49349498748779297,-2.2271761894226074,0.011831549927592278,-0.9321478009223938,-0.012717566452920437,0.3616614043712616
34500.0,-4.502504825592041,0.4934829771518707,-2.2271454334259033,0.011500967666506767,-0.9321780204772949,-0.012086364440619946,0.3616155683994293
34500.0,-4.502461910247803,0.4935472905635834,-2.227193593978882,0.010658388957381248,-0.9324076771736145,-0.011332659050822258,0.36107319593429565
34500.0,-4.502551078796387,0.49371030926704407,-2.22737979888916,0.00669452827423811,-0.933585524559021,-0.012812884524464607,0.3580629229545593
34500.0,-4.502448081970215,0.49360349774360657,-2.2275373935699463,0.006137713324278593,-0.9345982670783997,-0.011326607316732407,0.35547178983688354
34500.0,-4.502093315124512,0.4934445321559906,-2.2271852493286133,0.00819417368620634,-0.9337217807769775,-0.01598144695162773,0.35754892230033875
35000.0,-4.50161600112915,0.49309563636779785,-2.226804256439209,0.01118035800755024,-0.9320058226585388,-0.024096034467220306,0.3614685833454132
35000.0,-4.501430511474609,0.49326851963996887,-2.226675271987915,0.012018405832350254,-0.9317849278450012,-0.02294936403632164,0.3620854914188385
35000.0,-4.501202583312988,0.49345844984054565,-2.226606607437134,0.012609458528459072,-0.9316896200180054,-0.021779464557766914,0.36238256096839905
35000.0,-4.501000881195068,0.49350619316101074,-2.2265634536743164,0.013582584448158741,-0.9315578937530518,-0.021027522161602974,0.3627302944660187
35000.0,-4.5008544921875,0.49348580837249756,-2.2265374660491943,0.013061334379017353,-0.931569516658783,-0.02163274772465229,0.3626839518547058
35000.0,-4.500752925872803,0.4934038817882538,-2.2265241146087646,0.013559163548052311,-0.9314801096916199,-0.021854059770703316,0.3628820478916168
35000.0,-4.500783443450928,0.49354100227355957,-2.2267229557037354,0.011647828854620457,-0.9322016835212708,-0.019199691712856293,0.3612421154975891
35000.0,-4.500918388366699,0.4937887191772461,-2.2270867824554443,0.00949626974761486,-0.9336090683937073,-0.016447272151708603,0.3577897250652313
35000.0,-4.500774383544922,0.4937339723110199,-2.227039337158203,0.009990273974835873,-0.9334114789962769,-0.017617499455809593,0.35823580622673035
35000.0,-4.500628471374512,0.4937626123428345,-2.2270278930664062,0.009169397875666618,-0.9334740042686462,-0.01757115311920643,0.35809701681137085
35000.0,-4.500308036804199,0.49351823329925537,-2.226393938064575,0.014701126143336296,-0.9320656657218933,-0.02328495681285858,0.36124157905578613
35000.0,-4.500189304351807,0.4935447871685028,-2.2266881465911865,0.010262949392199516,-0.932283341884613,-0.02120503969490528,0.36096107959747314
35000.0,-4.500022888183594,0.4935725927352905,-2.2266616821289062,0.010905387811362743,-0.9322861433029175,-0.02146603912115097,0.36091938614845276
35000.0,-4.499925136566162,0.49363821744918823,-2.2267255783081055,0.010222119279205799,-0.9326890707015991,-0.02062680944800377,0.35994601249694824
35000.0,-4.499843597412109,0.4936257302761078,-2.226780414581299,0.009917323477566242,-0.9329987168312073,-0.020139139145612717,0.3591788411140442
35000.0,-4.499783515930176,0.49371248483657837,-2.2268288135528564,0.009055085480213165,-0.9334123134613037,-0.019404802471399307,0.35816633701324463
35000.0,-4.4995808601379395,0.4936881363391876,-2.2267110347747803,0.009376002475619316,-0.9331994652748108,-0.021158907562494278,0.3586130142211914
35000.0,-4.499456405639648,0.4937894642353058,-2.226733922958374,0.008725577965378761,-0.933444082736969,-0.020233962684869766,0.3580455482006073
35000.0,-4.499300003051758,0.4938272535800934,-2.226646661758423,0.008345682173967361,-0.9334206581115723,-0.020427053794264793,0.3581046462059021
35000.0,-4.498908996582031,0.49347203969955444,-2.2259020805358887,0.015104269608855247,-0.9317818284034729,-0.023786060512065887,0.36192384362220764
35500.0,-4.49898624420166,0.4937472939491272,-2.226470947265625,0.008215063251554966,-0.9334408044815063,-0.0193328820168972,0.3581160604953766
35500.0,-4.4987030029296875,0.4937148094177246,-2.225907564163208,0.014105468057096004,-0.9326420426368713,-0.020389964804053307,0.3599504232406616
35500.0,-4.49854040145874,0.4936237931251526,-2.2256178855895996,0.01586821675300598,-0.9325041174888611,-0.021070001646876335,0.3601950407028198
35500.0,-4.498459815979004,0.4935790002346039,-2.2255659103393555,0.0160367451608181,-0.9328778982162476,-0.020942317321896553,0.35922569036483765
35500.0,-4.498374938964844,0.4935395419597626,-2.2255754470825195,0.016114532947540283,-0.9333065152168274,-0.020649462938308716,0.35812413692474365
35500.0,-4.498317718505859,0.49360957741737366,-2.225642204284668,0.014664575457572937,-0.9338050484657288,-0.020376209169626236,0.35690057277679443
35500.0,-4.498264312744141,0.4936792850494385,-2.2256739139556885,0.013693907298147678,-0.9343270063400269,-0.019852658733725548,0.3556000888347626
35500.0,-4.498186111450195,0.4938352406024933,-2.225675106048584,0.011467792093753815,-0.9348070025444031,-0.019045623019337654,0.35445988178253174
35500.0,-4.498091697692871,0.49389567971229553,-2.2256929874420166,0.008671775460243225,-0.9350488185882568,-0.018630117177963257,0.35392293334007263
35500.0,-4.497669219970703,0.49361950159072876,-2.2257635593414307,-0.0008215801790356636,-0.9344194531440735,-0.02019721083343029,0.35560062527656555
35500.0,-4.497488975524902,0.4936183989048004,-2.225731372833252,-0.0049787540920078754,-0.9345205426216125,-0.01900075003504753,0.3553668260574341
35500.0,-4.497276782989502,0.49362194538116455,-2.225590229034424,-0.005618538241833448,-0.9342066645622253,-0.017992498353123665,0.35623401403427124
35500.0,-4.4970808029174805,0.4936438500881195,-2.2255213260650635,-0.006835156586021185,-0.9343012571334839,-0.017896270379424095,0.35596928000450134
35500.0,-4.496913433074951,0.4936645030975342,-2.225501537322998,-0.0077339597046375275,-0.934699296951294,-0.01840367540717125,0.3548784554004669
35500.0,-4.4968485832214355,0.49350911378860474,-2.2255265712738037,-0.004687539767473936,-0.9354384541511536,-0.01824214681982994,0.3529876470565796
35500.0,-4.4965972900390625,0.49317342042922974,-2.2251906394958496,-0.0006405816529877484,-0.9347432851791382,-0.021297603845596313,0.35468438267707825
35500.0,-4.496423244476318,0.4930959641933441,-2.224999189376831,0.0010260383132845163,-0.9346101880073547,-0.023396549746394157,0.3549019396305084
35500.0,-4.4963154792785645,0.4932507574558258,-2.225010395050049,-2.4800994651741348e-05,-0.9351999759674072,-0.021746614947915077,0.3534517288208008
35500.0,-4.496362209320068,0.49364617466926575,-2.2250072956085205,0.0022486308589577675,-0.9359322786331177,-0.017712505534291267,0.351727157831192
35500.0,-4.49629545211792,0.4938434958457947,-2.2249536514282227,0.007306569255888462,-0.9360386729240417,-0.015965674072504044,0.3514588475227356
36000.0,-4.496079444885254,0.49395057559013367,-2.224778175354004,0.00842126552015543,-0.9362385869026184,-0.01471274346113205,0.3509559631347656
36000.0,-4.495818138122559,0.4941219985485077,-2.224625825881958,0.008315745741128922,-0.9363895058631897,-0.01257673092186451,0.35063856840133667
36000.0,-4.495513439178467,0.4943060278892517,-2.2244606018066406,0.00986529141664505,-0.9365317225456238,-0.010516776703298092,0.35028618574142456
36000.0,-4.495131969451904,0.4944968819618225,-2.224243402481079,0.014067355543375015,-0.936604380607605,-0.010043663904070854,0.34996235370635986
36000.0,-4.494723320007324,0.4946797490119934,-2.2240285873413086,0.017528440803289413,-0.9365441203117371,-0.010532163083553314,0.34995296597480774
36000.0,-4.494421482086182,0.4946693480014801,-2.2239491939544678,0.017330199480056763,-0.9364831447601318,-0.0097360759973526,0.3501487970352173
36000.0,-4.494184970855713,0.4946431815624237,-2.2239341735839844,0.015649717301130295,-0.9362757205963135,-0.009265175089240074,0.35079506039619446
36000.0,-4.493960380554199,0.4946266710758209,-2.2239084243774414,0.01327300351113081,-0.9360811710357666,-0.008403939194977283,0.351433128118515
36000.0,-4.49365234375,0.49453818798065186,-2.223773956298828,0.012384766712784767,-0.9360865354537964,-0.008388249203562737,0.35145169496536255
36000.0,-4.4929680824279785,0.4940304458141327,-2.223616123199463,0.0046876659616827965,-0.9351325035095215,-0.010164315812289715,0.35412150621414185
36000.0,-4.492425918579102,0.49421003460884094,-2.223151445388794,0.010985973291099072,-0.9348723292350769,-0.012395700439810753,0.35459738969802856
36000.0,-4.49243688583374,0.49421656131744385,-2.2236990928649902,0.00455382140353322,-0.9366881251335144,-0.010850667953491211,0.3499671518802643
36000.0,-4.49191427230835,0.4942828118801117,-2.223384380340576,0.004923037253320217,-0.9363530278205872,-0.013416452333331108,0.35076895356178284
36000.0,-4.4911017417907715,0.4944528341293335,-2.2228074073791504,0.0045381574891507626,-0.9347323775291443,-0.017428820952773094,0.35489583015441895
36000.0,-4.491006851196289,0.49455225467681885,-2.222973346710205,0.004849064629524946,-0.9359117746353149,-0.017424173653125763,0.35176998376846313
36000.0,-4.490848064422607,0.4948616325855255,-2.2232654094696045,0.0030834830831736326,-0.9378548264503479,-0.019035732373595238,0.34649181365966797
36000.0,-4.490485191345215,0.4949963092803955,-2.2232162952423096,0.0014877603389322758,-0.938346266746521,-0.02073240652680397,0.34507158398628235
36000.0,-4.490121841430664,0.4949573278427124,-2.222970485687256,0.002816173480823636,-0.9381547570228577,-0.02201284095644951,0.3455042541027069
36000.0,-4.489670276641846,0.4947931468486786,-2.2226338386535645,0.0060082245618104935,-0.9375405311584473,-0.02233072929084301,0.3471066951751709
36000.0,-4.48903226852417,0.4945355951786041,-2.221993923187256,0.008737416006624699,-0.9362003207206726,-0.025118114426732063,0.35045939683914185
36000.0,-4.488604545593262,0.49462980031967163,-2.22164249420166,0.008045109920203686,-0.9361050724983215,-0.025676025077700615,0.35068976879119873
36000.0,-4.488290786743164,0.4949354827404022,-2.2214713096618652,0.006449684035032988,-0.9365550875663757,-0.02514020912349224,0.34955817461013794
36000.0,-4.48781156539917,0.4952622354030609,-2.221214532852173,0.005236691329628229,-0.9369168281555176,-0.023998413234949112,0.34868836402893066
36000.0,-4.4877214431762695,0.4956124424934387,-2.2215187549591064,0.0015866856556385756,-0.9388754963874817,-0.020342420786619186,0.343651682138443
36000.0,-4.487238883972168,0.4956037402153015,-2.221365213394165,-0.0008537719841115177,-0.9389162659645081,-0.01819625124335289,0.3436633050441742
36000.0,-4.486720085144043,0.4957077205181122,-2.221261501312256,-0.003292648121714592,-0.9395013451576233,-0.016190161928534508,0.34214672446250916
36000.0,-4.486025810241699,0.4957650899887085,-2.221055030822754,-0.004161595366895199,-0.9395406246185303,-0.014144426211714745,0.3421199917793274
36000.0,-4.485548973083496,0.4957858622074127,-2.2208502292633057,-0.0020818691700696945,-0.9401412010192871,-0.012147827073931694,0.3405623435974121
36000.0,-4.484557628631592,0.495439738035202,-2.219740152359009,0.0024419312831014395,-0.9374914765357971,-0.018347715958952904,0.3475157618522644
36000.0,-4.484094619750977,0.49533194303512573,-2.2194669246673584,0.0018822767306119204,-0.9373342394828796,-0.021078985184431076,0.3477882742881775
36000.0,-4.484314918518066,0.4956224262714386,-2.2198126316070557,0.00084721390157938,-0.9406344890594482,-0.018280822783708572,0.33892741799354553
36000.0,-4.483821392059326,0.49547597765922546,-2.219078779220581,-0.0002882338594645262,-0.9398548603057861,-0.01665254682302475,0.3411678075790405
36500.0,-4.48342752456665,0.4953685998916626,-2.218752861022949,-0.003301367163658142,-0.9403364062309265,-0.01459966879338026,0.33991676568984985
36500.0,-4.482947826385498,0.4950152039527893,-2.2185583114624023,-0.007090940605849028,-0.9405229091644287,-0.014858817681670189,0.3393312096595764
36500.0,-4.482326507568359,0.49485746026039124,-2.218244791030884,-0.009950913488864899,-0.9405459761619568,-0.014670761302113533,0.3392036557197571
36500.0,-4.481495380401611,0.49501946568489075,-2.2176854610443115,-0.013180388137698174,-0.9404088258743286,-0.014324132353067398,0.33948853611946106
36500.0,-4.480912685394287,0.49518248438835144,-2.2172961235046387,-0.013495695777237415,-0.9401717185974121,-0.014462427236139774,0.3401262164115906
36500.0,-4.480537414550781,0.49530288577079773,-2.217007875442505,-0.01015631016343832,-0.9405266642570496,-0.014124390669167042,0.3392742872238159
36500.0,-4.479804039001465,0.49490946531295776,-2.216496706008911,0.002809344558045268,-0.9399436116218567,-0.015636077150702477,0.3409600555896759
36500.0,-4.47935152053833,0.4953906238079071,-2.2161121368408203,0.006250455509871244,-0.9404677748680115,-0.013322544284164906,0.33956411480903625
36500.0,-4.478623390197754,0.4956621825695038,-2.215665340423584,0.009046540595591068,-0.9407457709312439,-0.015079837292432785,0.3386564552783966
36500.0,-4.477858066558838,0.49590444564819336,-2.2152605056762695,0.010842554271221161,-0.9411816596984863,-0.020005155354738235,0.33713430166244507
36500.0,-4.476546287536621,0.49588996171951294,-2.214935541152954,0.00023259749286808074,-0.9402918219566345,-0.026411591097712517,0.3393433094024658
36500.0,-4.475788593292236,0.4965692460536957,-2.2144432067871094,-0.006216537673026323,-0.9413138628005981,-0.023748250678181648,0.33663874864578247
36500.0,-4.474964141845703,0.49652430415153503,-2.2138631343841553,-0.0053629400208592415,-0.9411283731460571,-0.0263169314712286,0.33698076009750366
36500.0,-4.474458694458008,0.49619051814079285,-2.213621139526367,-0.001227141940034926,-0.9416765570640564,-0.027392953634262085,0.33540046215057373
36500.0,-4.473994731903076,0.496185302734375,-2.213308572769165,0.002290264470502734,-0.9422972798347473,-0.0293421670794487,0.3334810733795166
36500.0,-4.47347354888916,0.4964961111545563,-2.2130484580993652,0.0013193973572924733,-0.9435753226280212,-0.028643615543842316,0.329914391040802
37000.0,-4.472867488861084,0.4968242645263672,-2.2124791145324707,0.0004305862821638584,-0.9439308047294617,-0.027125144377350807,0.329026997089386
37000.0,-4.471818923950195,0.4973442554473877,-2.2117362022399902,-0.0018471827497705817,-0.944319486618042,-0.03048219531774521,0.3276098668575287
37000.0,-4.470787525177002,0.49730822443962097,-2.2111072540283203,-0.003943257499486208,-0.9446532726287842,-0.030887421220541,0.3265893757343292
37000.0,-4.469902515411377,0.4971177577972412,-2.210411787033081,-0.005384135525673628,-0.9444360136985779,-0.029148751869797707,0.32735610008239746
37000.0,-4.468841075897217,0.49687451124191284,-2.209644079208374,-0.005615830887109041,-0.9430544376373291,-0.03298069164156914,0.3309520184993744
37000.0,-4.468409538269043,0.4968022406101227,-2.2091896533966064,-0.005807310808449984,-0.9437010884284973,-0.022761743515729904,0.32996436953544617
37000.0,-4.467706203460693,0.49703601002693176,-2.2087063789367676,-0.004136158153414726,-0.9445927739143372,-0.020589249208569527,0.32757213711738586
37000.0,-4.466513633728027,0.4972273111343384,-2.2080163955688477,-0.0030502600129693747,-0.9448869228363037,-0.018869442865252495,0.3268386125564575
37000.0,-4.465115070343018,0.4970971643924713,-2.2074201107025146,-0.015731927007436752,-0.9454686641693115,-0.021351277828216553,0.3246318995952606
37000.0,-4.464084148406982,0.4973023235797882,-2.2068748474121094,-0.015215680003166199,-0.9459627866744995,-0.02529969811439514,0.3229285180568695
37000.0,-4.462981700897217,0.4976585805416107,-2.206265449523926,-0.013445890508592129,-0.9460232257843018,-0.028208516538143158,0.3225890100002289
37000.0,-4.4619140625,0.498224675655365,-2.205937623977661,-0.007212301250547171,-0.9460173845291138,-0.02484714984893799,0.32308176159858704
37000.0,-4.4602203369140625,0.49787530303001404,-2.205129861831665,-0.00494883768260479,-0.9459901452064514,-0.02387484908103943,0.32327747344970703
37000.0,-4.458974838256836,0.4982677400112152,-2.204058885574341,-0.004002983681857586,-0.9462159872055054,-0.022908970713615417,0.3226989507675171
37000.0,-4.458454608917236,0.49851110577583313,-2.203479528427124,0.0017020703526213765,-0.9480715394020081,-0.02026391588151455,0.317406564950943
37000.0,-4.4575982093811035,0.4984011948108673,-2.202460527420044,0.002325301291421056,-0.9481712579727173,-0.020225435495376587,0.3171069920063019
37000.0,-4.456857681274414,0.49848702549934387,-2.2020153999328613,-0.002909623784944415,-0.9491280913352966,-0.019736381247639656,0.31425780057907104
37500.0,-4.455826759338379,0.49826666712760925,-2.2010746002197266,-0.00462855352088809,-0.9490541815757751,-0.018894804641604424,0.3145120441913605
37500.0,-4.454534530639648,0.4983968436717987,-2.2000720500946045,-0.005594312679022551,-0.9483315348625183,-0.014976270496845245,0.3168782591819763
37500.0,-4.452739238739014,0.498150110244751,-2.199204206466675,-0.013186836615204811,-0.9481471180915833,-0.016351429745554924,0.3171371519565582
37500.0,-4.451100826263428,0.49813568592071533,-2.1983232498168945,-0.010853397659957409,-0.9466113448143005,-0.023268913850188255,0.321353018283844
37500.0,-4.449890613555908,0.4984869360923767,-2.1977131366729736,-0.014139453880488873,-0.9482128620147705,-0.02177724987268448,0.31657275557518005
37500.0,-4.448698043823242,0.49882426857948303,-2.1970624923706055,-0.0132118109613657,-0.9486287832260132,-0.025093436241149902,0.315117746591568
37500.0,-4.447506427764893,0.49892574548721313,-2.1963675022125244,-0.009305025450885296,-0.9499965906143188,-0.027103476226329803,0.31094276905059814
37500.0,-4.446279048919678,0.4982777535915375,-2.195251703262329,0.0028078665491193533,-0.949114203453064,-0.032310403883457184,0.31325769424438477
37500.0,-4.445291519165039,0.4987785816192627,-2.19425892829895,0.000825443712528795,-0.9493123888969421,-0.025784024968743324,0.31327393651008606
37500.0,-4.444502830505371,0.49895980954170227,-2.1938939094543457,-0.007259904872626066,-0.9514478445053101,-0.01899833045899868,0.3071373701095581
37500.0,-4.443513870239258,0.49906983971595764,-2.1930899620056152,-0.010954338125884533,-0.9521359205245972,-0.015766870230436325,0.30507150292396545
37500.0,-4.4424028396606445,0.49934449791908264,-2.1922566890716553,-0.009397448040544987,-0.9525618553161621,-0.01319030113518238,0.30391401052474976
37500.0,-4.440948963165283,0.4993068277835846,-2.1912107467651367,-0.002563051413744688,-0.9513461589813232,-0.022343110293149948,0.3073025643825531
37500.0,-4.438983917236328,0.4992158114910126,-2.1897473335266113,-0.0015446413308382034,-0.9485579133033752,-0.033461879938840866,0.3148266077041626
37500.0,-4.437779903411865,0.49965164065361023,-2.188898801803589,-0.003499609651044011,-0.9486899375915527,-0.034894704818725586,0.31425708532333374
37500.0,-4.436744689941406,0.49953311681747437,-2.1884899139404297,-0.0014512694906443357,-0.9510759711265564,-0.028901319950819016,0.3075990080833435
37500.0,-4.435719013214111,0.49966463446617126,-2.187706708908081,-0.00538483215495944,-0.9520988464355469,-0.02722972258925438,0.3045280873775482
38000.0,-4.434410095214844,0.500010073184967,-2.1867053508758545,-0.005757609382271767,-0.9521366357803345,-0.025738006457686424,0.30453282594680786
38000.0,-4.433056831359863,0.5003510117530823,-2.1856164932250977,-0.006431686691939831,-0.9518467783927917,-0.024891111999750137,0.3054942190647125
38000.0,-4.431456089019775,0.501096785068512,-2.184617042541504,-0.003735343459993601,-0.9514878988265991,-0.023349476978182793,0.3067761957645416
38000.0,-4.430294513702393,0.5020133256912231,-2.1841940879821777,-0.005443179048597813,-0.9532840847969055,-0.017870770767331123,0.3014972507953644
38000.0,-4.42891788482666,0.5024567246437073,-2.1831438541412354,-0.0018447099719196558,-0.9536967873573303,-0.01296145562082529,0.3004845976829529
38000.0,-4.42724609375,0.5024082064628601,-2.1819703578948975,0.005289679858833551,-0.952607274055481,-0.018823837861418724,0.30357396602630615
38000.0,-4.425440788269043,0.5021296143531799,-2.180845022201538,0.0001271960063604638,-0.9502572417259216,-0.027400558814406395,0.31025880575180054
38000.0,-4.42435884475708,0.5024334788322449,-2.180030584335327,0.0016073728911578655,-0.9507211446762085,-0.02897482179105282,0.3086862564086914
38000.0,-4.422579765319824,0.5024783611297607,-2.1786985397338867,0.0011688360245898366,-0.9506630897521973,-0.022728126496076584,0.30938926339149475
38000.0,-4.421324253082275,0.5030558109283447,-2.1779489517211914,-0.002757329260930419,-0.9511608481407166,-0.022635361179709435,0.3078523278236389
38000.0,-4.420027256011963,0.5034629106521606,-2.176872968673706,0.002024308079853654,-0.9513378143310547,-0.028797145932912827,0.306794673204422
38000.0,-4.418686866760254,0.5032678842544556,-2.1760971546173096,0.0033790243323892355,-0.9533335566520691,-0.029637645930051804,0.3004418909549713
38000.0,-4.417526721954346,0.503768265247345,-2.1751861572265625,-0.0006403340375982225,-0.9548487663269043,-0.02990519441664219,0.2955828309059143
38000.0,-4.416053295135498,0.5037996768951416,-2.174306631088257,-0.0007785490597598255,-0.9545395374298096,-0.032362911850214005,0.2963212728500366
38000.0,-4.414595127105713,0.5039184093475342,-2.173015594482422,0.0004218070243950933,-0.9534206390380859,-0.03270585462450981,0.29986539483070374
38000.0,-4.412533760070801,0.503345787525177,-2.1717522144317627,-0.002036208054050803,-0.9524103403091431,-0.035165928304195404,0.30277666449546814
38000.0,-4.410860061645508,0.5035691857337952,-2.170407772064209,-0.001982990186661482,-0.9514771103858948,-0.035011567175388336,0.30571505427360535
38000.0,-4.4095048904418945,0.5037657618522644,-2.169842481613159,-0.0050272271037101746,-0.9534719586372375,-0.028368206694722176,0.300102174282074
38000.0,-4.407843112945557,0.5042222738265991,-2.1686463356018066,-0.006261747796088457,-0.9527907371520996,-0.033721908926963806,0.3016843795776367
38000.0,-4.4062323570251465,0.5044993162155151,-2.167678117752075,-0.006260329391807318,-0.9538084268569946,-0.03141898289322853,0.29870250821113586
38500.0,-4.404696464538574,0.5053216814994812,-2.166613817214966,-0.014479480683803558,-0.9540408849716187,-0.02000483311712742,0.29865750670433044
38500.0,-4.403231620788574,0.5049984455108643,-2.1654911041259766,-0.010973787866532803,-0.9536545872688293,-0.023685187101364136,0.29976901412010193
38500.0,-4.401255130767822,0.5050221085548401,-2.1643288135528564,-0.0049369181506335735,-0.9536771178245544,-0.023633254691958427,0.2998615503311157
38500.0,-4.399882793426514,0.5057254433631897,-2.1634163856506348,-0.004339577630162239,-0.9548295736312866,-0.020952193066477776,0.29638275504112244
38500.0,-4.398289680480957,0.5058472156524658,-2.16235613822937,0.004695745650678873,-0.9546868801116943,-0.027721941471099854,0.29628121852874756
38500.0,-4.396128177642822,0.5058804750442505,-2.161252737045288,0.00012642706860788167,-0.9540808796882629,-0.03023226372897625,0.29801949858665466
38500.0,-4.393527984619141,0.5060763955116272,-2.1597020626068115,-0.0012522951001301408,-0.9516673684120178,-0.03836924582719803,0.30472198128700256
38500.0,-4.392037868499756,0.5063464641571045,-2.158780813217163,-0.0025611836463212967,-0.9514416456222534,-0.03717295452952385,0.305565744638443
38500.0,-4.390726566314697,0.506858766078949,-2.1577303409576416,-0.0033764992840588093,-0.9542926549911499,-0.02841232530772686,0.2975012958049774
38500.0,-4.388904571533203,0.5070152878761292,-2.156613349914551,-0.0032955517526715994,-0.9544128179550171,-0.02839631214737892,0.29711779952049255
38500.0,-4.387568950653076,0.5068691968917847,-2.155609607696533,-0.004735889378935099,-0.9551519751548767,-0.020961932837963104,0.29533544182777405
38500.0,-4.385665416717529,0.5067614912986755,-2.1545305252075195,-0.002813155995681882,-0.9554579257965088,-0.017730824649333954,0.29458087682724
38500.0,-4.383349418640137,0.5068689584732056,-2.153193473815918,-0.013088827021420002,-0.9548618793487549,-0.01626736856997013,0.29631558060646057
38500.0,-4.381631851196289,0.5067183375358582,-2.1520063877105713,-0.011054476723074913,-0.9540722370147705,-0.029328009113669395,0.29793286323547363
38500.0,-4.379491806030273,0.5065175294876099,-2.150874614715576,-0.013635460287332535,-0.9543684124946594,-0.02980143204331398,0.2968280613422394
38500.0,-4.377504348754883,0.5070646405220032,-2.149631977081299,-0.013735002838075161,-0.9540041089057922,-0.035360537469387054,0.2973840832710266
38500.0,-4.375692367553711,0.5073492527008057,-2.1485490798950195,-0.011627131141722202,-0.9542338848114014,-0.031616270542144775,0.29715824127197266
38500.0,-4.373635292053223,0.5076212882995605,-2.1474478244781494,-0.005865924060344696,-0.9545202851295471,-0.03070349432528019,0.29650312662124634
38500.0,-4.3714704513549805,0.5073667764663696,-2.1463727951049805,-0.0017139256233349442,-0.9551305174827576,-0.0284355990588665,0.29481223225593567
39000.0,-4.369437217712402,0.506737470626831,-2.145075798034668,-0.004033366683870554,-0.9542909264564514,-0.02871573343873024,0.2974693179130554
39000.0,-4.366715431213379,0.5067393779754639,-2.1433334350585938,-0.0010993906762450933,-0.9523718357086182,-0.03685455024242401,0.3027019202709198
39000.0,-4.364691734313965,0.506748378276825,-2.142134189605713,-0.00047464953968301415,-0.9522584080696106,-0.033879876136779785,0.3034069836139679
39000.0,-4.362595081329346,0.5071997046470642,-2.1410560607910156,-0.005225266329944134,-0.9538339376449585,-0.019039304926991463,0.2996850907802582
39000.0,-4.36062479019165,0.5070379376411438,-2.1399874687194824,-0.006687695160508156,-0.954319417476654,-0.02312803827226162,0.2978169918060303
39000.0,-4.358489036560059,0.5065536499023438,-2.1387431621551514,0.0006381305283866823,-0.9541684985160828,-0.026976287364959717,0.2980511486530304
39000.0,-4.3563008308410645,0.5062395930290222,-2.137660026550293,-0.00790071114897728,-0.9547085165977478,-0.03033578209578991,0.2958870530128479
39000.0,-4.354079246520996,0.5059337019920349,-2.136060953140259,-0.010822320356965065,-0.953950047492981,-0.040255215018987656,0.29705506563186646
39000.0,-4.352232456207275,0.5056158304214478,-2.134939193725586,-0.012705657631158829,-0.9546704292297363,-0.038500718772411346,0.29489099979400635
39000.0,-4.35009241104126,0.5054346919059753,-2.133735418319702,-0.01194770634174347,-0.95577073097229,-0.025359928607940674,0.2927737236022949
39000.0,-4.34788179397583,0.5050974488258362,-2.132565975189209,-0.006903741043061018,-0.956066906452179,-0.02250848524272442,0.292201429605484
39000.0,-4.345607757568359,0.5048114657402039,-2.1312949657440186,-0.0018856560345739126,-0.9558326601982117,-0.020016733556985855,0.29322293400764465
39000.0,-4.342889785766602,0.5035879015922546,-2.129948616027832,-0.006117509212344885,-0.9550204277038574,-0.029068563133478165,0.2950488328933716
39000.0,-4.340538501739502,0.5035392642021179,-2.128386974334717,-0.00781466718763113,-0.9537491798400879,-0.03493860363960266,0.29846394062042236
39000.0,-4.3386549949646,0.5041949152946472,-2.12752628326416,-0.008345788344740868,-0.9566365480422974,-0.01742471568286419,0.290642648935318
39000.0,-4.336485385894775,0.5033140182495117,-2.1263067722320557,-0.002881297841668129,-0.9569509029388428,-0.020190266892313957,0.28953254222869873
39000.0,-4.334185600280762,0.5021002292633057,-2.1249969005584717,0.003914727829396725,-0.9560426473617554,-0.02945174276828766,0.2917187511920929
39000.0,-4.331579208374023,0.5012256503105164,-2.123406410217285,-0.004968016874045134,-0.9551340937614441,-0.02838040702044964,0.29476892948150635
39000.0,-4.329287052154541,0.5007943511009216,-2.122105598449707,-0.004319981671869755,-0.9555040597915649,-0.029610471799969673,0.29345646500587463
39500.0,-4.326855182647705,0.49995583295822144,-2.1208713054656982,-0.0020590347703546286,-0.9561142325401306,-0.02372954599559307,0.2920246124267578
39500.0,-4.323906421661377,0.4989674687385559,-2.119342803955078,-0.001956377876922488,-0.9551371932029724,-0.026973074302077293,0.2949267625808716
39500.0,-4.321209907531738,0.49796396493911743,-2.1175427436828613,-0.01557950209826231,-0.95452880859375,-0.041298527270555496,0.29483315348625183
39500.0,-4.318390846252441,0.4975143074989319,-2.1155805587768555,-0.02442132867872715,-0.9548323750495911,-0.045937757939100266,0.2925551235675812
39500.0,-4.315931797027588,0.4966661036014557,-2.114079713821411,-0.025071898475289345,-0.955230712890625,-0.05303420498967171,0.28998804092407227
39500.0,-4.313425064086914,0.4961977005004883,-2.1131694316864014,-0.036692626774311066,-0.9579031467437744,-0.047824736684560776,0.28069204092025757
39500.0,-4.311155319213867,0.4948206841945648,-2.111889123916626,-0.02879355661571026,-0.9585098624229431,-0.05109093710780144,0.2789618670940399
39500.0,-4.308645248413086,0.4947178065776825,-2.110140323638916,-0.03100200928747654,-0.9576683044433594,-0.05493311956524849,0.28087857365608215
39500.0,-4.306134223937988,0.49422550201416016,-2.1086766719818115,-0.025364723056554794,-0.958320677280426,-0.05327356606721878,0.27953559160232544
39500.0,-4.303332328796387,0.4937901496887207,-2.1071481704711914,-0.029967661947011948,-0.9579597115516663,-0.05801412835717201,0.2793735861778259
39500.0,-4.300699234008789,0.4932561218738556,-2.105651378631592,-0.022261692211031914,-0.9597557187080383,-0.052067242562770844,0.2750678062438965
39500.0,-4.298595905303955,0.4926200211048126,-2.1042466163635254,-0.01649053394794464,-0.9607872366905212,-0.04608961194753647,0.2729317247867584
39500.0,-4.295934200286865,0.4924336373806,-2.102442502975464,-0.014916344545781612,-0.9606586694717407,-0.04888094216585159,0.2729892432689667
39500.0,-4.29295539855957,0.4917743504047394,-2.1008238792419434,-0.021173883229494095,-0.9603039622306824,-0.046038687229156494,0.27431434392929077
39500.0,-4.290356636047363,0.49151986837387085,-2.099461078643799,-0.01782825030386448,-0.9613409042358398,-0.044607535004615784,0.27113819122314453
39500.0,-4.287295341491699,0.4908507764339447,-2.0972352027893066,-0.011694192886352539,-0.960605800151825,-0.03775009140372276,0.27509039640426636
39500.0,-4.284682750701904,0.49045443534851074,-2.0949292182922363,-0.010741876438260078,-0.959701418876648,-0.04382604733109474,0.2773752510547638
39500.0,-4.282053470611572,0.4894680976867676,-2.093993663787842,-0.018830042332410812,-0.9627899527549744,-0.032158710062503815,0.2676689922809601
40000.0,-4.279388427734375,0.4879714250564575,-2.0927035808563232,-0.010206381790339947,-0.9636640548706055,-0.03463336452841759,0.26466599106788635
40000.0,-4.275926113128662,0.48722195625305176,-2.089468240737915,-0.005260206758975983,-0.9598856568336487,-0.04809106886386871,0.2761869728565216
40000.0,-4.273622512817383,0.4871293008327484,-2.0878922939300537,-0.020410489290952682,-0.9607493877410889,-0.04720352590084076,0.2726097106933594
40000.0,-4.270642280578613,0.48611173033714294,-2.0869510173797607,-0.02110150456428528,-0.9644112586975098,-0.029460154473781586,0.26191195845603943
40000.0,-4.267845153808594,0.48511290550231934,-2.084774971008301,-0.014448990114033222,-0.9631466269493103,-0.03838544338941574,0.26583150029182434
40000.0,-4.265141487121582,0.4848015606403351,-2.082474946975708,-0.011304403655230999,-0.962321400642395,-0.04392261058092117,0.2681055963039398
40000.0,-4.2615251541137695,0.48282673954963684,-2.080965042114258,-0.01820242404937744,-0.9630082845687866,-0.036649659276008606,0.2663467824459076
40000.0,-4.258754253387451,0.48173463344573975,-2.0797455310821533,-0.006101979874074459,-0.9659759402275085,-0.026837967336177826,0.25716325640678406
40000.0,-4.256085395812988,0.4812987744808197,-2.077301502227783,-0.005581813398748636,-0.9651433825492859,-0.031123075634241104,0.2598048746585846
40000.0,-4.252901554107666,0.47982993721961975,-2.075591564178467,-0.0138474116101861,-0.9659446477890015,-0.026665836572647095,0.2569982409477234
40000.0,-4.249833583831787,0.47812023758888245,-2.0738143920898438,-0.005691940896213055,-0.9664316773414612,-0.023802215233445168,0.25575539469718933
40000.0,-4.246388912200928,0.477157860994339,-2.0707452297210693,-0.004287102725356817,-0.9637506604194641,-0.03741069138050079,0.26413384079933167
40000.0,-4.243697166442871,0.4758335053920746,-2.0697033405303955,-0.015442888252437115,-0.9667774438858032,-0.02322199009358883,0.2540939152240753
40000.0,-4.240419864654541,0.4740055203437805,-2.0674891471862793,-0.004128142725676298,-0.9666911363601685,-0.031579501926898956,0.25395679473876953
40000.0,-4.237433910369873,0.4730760157108307,-2.0655150413513184,-0.010349254123866558,-0.96707683801651,-0.02751016989350319,0.2527814209461212
40000.0,-4.234452247619629,0.47200900316238403,-2.0634703636169434,-0.007770421449095011,-0.9682515859603882,-0.022654371336102486,0.2488279789686203
40000.0,-4.231465816497803,0.47046592831611633,-2.0611412525177,-0.004370331298559904,-0.9672985076904297,-0.030918940901756287,0.25171151757240295
40000.0,-4.228278636932373,0.4687333405017853,-2.0585319995880127,-0.013822181150317192,-0.9656260013580322,-0.03327692672610283,0.25742584466934204
40000.0,-4.225172996520996,0.4671511650085449,-2.0568950176239014,-0.010010027326643467,-0.9672449827194214,-0.032687872648239136,0.25153249502182007
40000.0,-4.222021102905273,0.4655208885669708,-2.0543854236602783,-0.0024284175597131252,-0.9660727381706238,-0.035461731255054474,0.255812406539917
40500.0,-4.218605995178223,0.4636082053184509,-2.0528855323791504,-0.008551781065762043,-0.9685148596763611,-0.02234751172363758,0.24780316650867462
40500.0,-4.215694904327393,0.4623909890651703,-2.0505316257476807,-0.008324976079165936,-0.9681751728057861,-0.028160488232970238,0.24854496121406555
40500.0,-4.21232795715332,0.4611029624938965,-2.0477614402770996,-0.018058082088828087,-0.9670289754867554,-0.033000778406858444,0.2518729567527771
40500.0,-4.20939302444458,0.4594506025314331,-2.045790910720825,-0.01807117648422718,-0.9687520861625671,-0.014171769842505455,0.24696534872055054
40500.0,-4.205298900604248,0.456655353307724,-2.0435328483581543,0.0008612573728896677,-0.9665207266807556,-0.035042718052864075,0.25418299436569214
40500.0,-4.202820301055908,0.45571187138557434,-2.0418601036071777,-0.009684153832495213,-0.9692986011505127,-0.02078184299170971,0.24481524527072906
40500.0,-4.1993818283081055,0.4534836411476135,-2.039559841156006,-0.0061815883964300156,-0.9689986109733582,-0.02602936327457428,0.24561361968517303
40500.0,-4.196025371551514,0.4516817331314087,-2.037632942199707,-0.012185528874397278,-0.9692904353141785,-0.02258988283574581,0.24457582831382751
40500.0,-4.192714214324951,0.4499966502189636,-2.035008668899536,-0.006725893821567297,-0.9686351418495178,-0.02911488339304924,0.2466842234134674
40500.0,-4.188714027404785,0.4478500187397003,-2.032073974609375,-0.002249713521450758,-0.9661730527877808,-0.03748222067952156,0.2551465630531311
40500.0,-4.18617057800293,0.4464721977710724,-2.0303046703338623,-0.006748618558049202,-0.9692865014076233,-0.017931515350937843,0.24518707394599915
40500.0,-4.18278169631958,0.4437955617904663,-2.027960777282715,0.002945061307400465,-0.9691110849380493,-0.030107000842690468,0.24476249516010284
40500.0,-4.179801940917969,0.4414617121219635,-2.0258266925811768,-0.0033008402679115534,-0.9698420166969299,-0.027499733492732048,0.24215567111968994
40500.0,-4.176304817199707,0.4395648241043091,-2.023179292678833,-0.005958052817732096,-0.9687594175338745,-0.030744191259145737,0.24601756036281586
40500.0,-4.173132419586182,0.436950147151947,-2.0213184356689453,-0.003694822546094656,-0.9710439443588257,-0.014822614379227161,0.23841208219528198
40500.0,-4.16948127746582,0.43481889367103577,-2.018416166305542,-0.0006521817413158715,-0.9689628481864929,-0.03362611308693886,0.24490782618522644
40500.0,-4.166432857513428,0.43248093128204346,-2.0167815685272217,-0.00655011972412467,-0.9712038040161133,-0.019331548362970352,0.23737426102161407
40500.0,-4.162784099578857,0.43026405572891235,-2.0133183002471924,-0.005548427347093821,-0.9691880941390991,-0.028394175693392754,0.24461694061756134
40500.0,-4.159845352172852,0.428448349237442,-2.010699987411499,-0.016382629051804543,-0.9698208570480347,-0.02271307446062565,0.24220497906208038
40500.0,-4.1564202308654785,0.425976037979126,-2.007967948913574,-0.01450776495039463,-0.9697122573852539,-0.01809336058795452,0.24314700067043304
40500.0,-4.152979373931885,0.4226759970188141,-2.0059356689453125,-0.015145206823945045,-0.9697620868682861,-0.02288968116044998,0.24250438809394836
40500.0,-4.149302005767822,0.41939523816108704,-2.0035245418548584,-0.008064456284046173,-0.9688183069229126,-0.03802819177508354,0.24470406770706177
40500.0,-4.145820617675781,0.4162149131298065,-2.0016067028045654,-0.007588031701743603,-0.9703018069267273,-0.027824057266116142,0.24017217755317688
40500.0,-4.142604351043701,0.41352784633636475,-1.9995681047439575,-0.005948942620307207,-0.9710720181465149,-0.027624087408185005,0.2371087223291397
40500.0,-4.138920307159424,0.41110557317733765,-1.9964020252227783,-0.008066347800195217,-0.969803512096405,-0.03137550875544548,0.24172648787498474
40500.0,-4.13555908203125,0.4081881642341614,-1.993715524673462,-0.004005746450275183,-0.9693388342857361,-0.033215127885341644,0.2434399127960205
40500.0,-4.132075309753418,0.4056394100189209,-1.9911967515945435,-0.008595509454607964,-0.9699674844741821,-0.033129703253507614,0.24081440269947052
40500.0,-4.128754615783691,0.4027494490146637,-1.9887789487838745,-0.007556485943496227,-0.9701805114746094,-0.03327787667512894,0.23996926844120026
40500.0,-4.125182628631592,0.3994711935520172,-1.986240267753601,-0.004701398313045502,-0.9699525237083435,-0.03705410286784172,0.24041037261486053
40500.0,-4.121494770050049,0.39648380875587463,-1.983883023262024,-0.013434043154120445,-0.9704956412315369,-0.03464068844914436,0.2382388412952423
40500.0,-4.1184282302856445,0.3935733735561371,-1.9823259115219116,-0.012753692455589771,-0.9730645418167114,-0.021997768431901932,0.22912634909152985
40500.0,-4.114734172821045,0.39035287499427795,-1.9794999361038208,-0.013706492260098457,-0.9722193479537964,-0.030688149854540825,0.23164616525173187
40500.0,-4.111233234405518,0.3869212865829468,-1.9770210981369019,-0.0035768256057053804,-0.9730314016342163,-0.02186828851699829,0.2296062409877777
40500.0,-4.106908321380615,0.3838907480239868,-1.9737632274627686,-0.0017473228508606553,-0.9704029560089111,-0.03537752851843834,0.23887993395328522
40500.0,-4.1038289070129395,0.38087403774261475,-1.9719736576080322,0.0027621944900602102,-0.9730510711669922,-0.021947791799902916,0.2295263111591339
40500.0,-4.100131034851074,0.37838295102119446,-1.9690358638763428,-0.0032560480758547783,-0.9724728465080261,-0.024990150704979897,0.2316497564315796
40500.0,-4.096193313598633,0.3748944401741028,-1.965812087059021,-0.0005745945381931961,-0.9704340696334839,-0.03530260547995567,0.23876991868019104
40500.0,-4.093181610107422,0.3724912703037262,-1.9633206129074097,-0.007243674248456955,-0.9716770648956299,-0.030630195513367653,0.23420733213424683
40500.0,-4.089349269866943,0.36872249841690063,-1.96103835105896,-0.013853535056114197,-0.9718979001045227,-0.03069959208369255,0.2329811304807663
40500.0,-4.085910320281982,0.3652997612953186,-1.9587332010269165,-0.007409300655126572,-0.9731112122535706,-0.02081199549138546,0.22927436232566833
40500.0,-4.082102298736572,0.3619703948497772,-1.9558115005493164,-0.0047386870719492435,-0.9724251627922058,-0.028077468276023865,0.23147043585777283
40500.0,-4.078690528869629,0.3586217164993286,-1.9536713361740112,-0.005541956052184105,-0.9734364748001099,-0.01902163214981556,0.2280987799167633
40500.0,-4.074520111083984,0.3547884523868561,-1.9501162767410278,0.0005465284921228886,-0.9714420437812805,-0.03236418589949608,0.23505906760692596
40500.0,-4.071091651916504,0.35153141617774963,-1.9480438232421875,-0.01104393694549799,-0.9726017713546753,-0.023745648562908173,0.23099806904792786
40500.0,-4.067666053771973,0.3482379615306854,-1.9455294609069824,-0.008900254964828491,-0.9736658334732056,-0.01810242049396038,0.22708606719970703
40500.0,-4.063701152801514,0.34481751918792725,-1.9425774812698364,-0.012051885016262531,-0.9726713299751282,-0.02721208520233631,0.23027104139328003
40500.0,-4.060163974761963,0.3415360748767853,-1.940161108970642,-0.008169268257915974,-0.973987877368927,-0.02004048228263855,0.22556452453136444
40500.0,-4.056398868560791,0.3378312587738037,-1.937198281288147,-0.008139499463140965,-0.9732729196548462,-0.025146091356873512,0.22812560200691223
40500.0,-4.052584171295166,0.3340160846710205,-1.9342842102050781,-0.0023295367136597633,-0.9727919101715088,-0.026636378839612007,0.23013292253017426
40500.0,-4.0490031242370605,0.3305301070213318,-1.9317690134048462,-0.0028596236370503902,-0.9732617735862732,-0.025103269144892693,0.22830498218536377
40500.0,-4.044746398925781,0.32647159695625305,-1.9288495779037476,-0.007065734826028347,-0.9721930623054504,-0.025408362969756126,0.23269104957580566
40500.0,-4.041010856628418,0.32341715693473816,-1.9261702299118042,-0.003617640817537904,-0.9733701348304749,-0.01655116304755211,0.2286124974489212
40500.0,-4.037043571472168,0.3195076882839203,-1.923219084739685,-0.00331022753380239,-0.9725341200828552,-0.023705823346972466,0.2315264195203781
40500.0,-4.0331645011901855,0.31579720973968506,-1.9209027290344238,-0.008603191934525967,-0.9726754426956177,-0.025044841691851616,0.23065410554409027
40500.0,-4.029430389404297,0.312264084815979,-1.9182206392288208,-0.005445697344839573,-0.9739453196525574,-0.019353600218892097,0.22588993608951569
40500.0,-4.025420188903809,0.3082502782344818,-1.9152017831802368,-0.0023194875102490187,-0.9732006788253784,-0.025495797395706177,0.22852826118469238
40500.0,-4.0216875076293945,0.3046424686908722,-1.9126389026641846,-0.003086158772930503,-0.9737673401832581,-0.01846255734562874,0.22677478194236755
40500.0,-4.017995834350586,0.3008982539176941,-1.9100360870361328,-0.006099778227508068,-0.9743804335594177,-0.018334249034523964,0.22407475113868713
40500.0,-4.0139923095703125,0.29684150218963623,-1.9069191217422485,-0.006307520903646946,-0.9739687442779541,-0.02260998822748661,0.2254638373851776
40500.0,-4.010241508483887,0.2930064797401428,-1.9043290615081787,-0.0077989655546844006,-0.9742861390113831,-0.017419317737221718,0.2245045006275177
41000.0,-4.006189823150635,0.2890895903110504,-1.90132737159729,-0.00771886482834816,-0.9737452864646912,-0.02228531241416931,0.22641532123088837
41000.0,-4.001448154449463,0.28433167934417725,-1.898196816444397,-0.004444556310772896,-0.971788227558136,-0.02959691919386387,0.23394864797592163
41000.0,-3.998131036758423,0.28094881772994995,-1.8958649635314941,-0.0018388578901067376,-0.974303662776947,-0.01910536363720894,0.22441917657852173
41500.0,-3.994051456451416,0.27696195244789124,-1.89286208152771,-0.0018367122393101454,-0.9735641479492188,-0.023330427706241608,0.22721189260482788
41500.0,-3.9897360801696777,0.27268141508102417,-1.8898228406906128,-0.0060760462656617165,-0.9728725552558899,-0.026732876896858215,0.22971190512180328
41500.0,-3.9861390590667725,0.268900603055954,-1.8875693082809448,-0.0036799965891987085,-0.9746912121772766,-0.016912473365664482,0.2228846698999405
41500.0,-3.9818034172058105,0.26450052857398987,-1.884205937385559,-0.003984539769589901,-0.9730402231216431,-0.028016837313771248,0.22889301180839539
42000.0,-3.978180170059204,0.2606538236141205,-1.881703495979309,-0.006737068295478821,-0.9741357564926147,-0.024737292900681496,0.224504753947258
42000.0,-3.974343776702881,0.25649309158325195,-1.8789974451065063,-0.004135123919695616,-0.9752968549728394,-0.019123543053865433,0.22002989053726196
42000.0,-3.9704103469848633,0.25229087471961975,-1.875937581062317,-0.007364429067820311,-0.9751037359237671,-0.02197401225566864,0.2205347716808319
42000.0,-3.9656929969787598,0.24710413813591003,-1.8725309371948242,-0.006211339496076107,-0.9728876352310181,-0.03334031626582146,0.2287784218788147
42500.0,-3.9622018337249756,0.24378173053264618,-1.8702332973480225,-0.0102902976796031,-0.9754597544670105,-0.022252721711993217,0.21880848705768585
42500.0,-3.958031415939331,0.23964759707450867,-1.8673795461654663,-0.0076988195069134235,-0.9751010537147522,-0.02596244215965271,0.22010153532028198
42500.0,-3.9535670280456543,0.23527926206588745,-1.8644558191299438,-0.011795299127697945,-0.9745956659317017,-0.02763482742011547,0.22194747626781464
43000.0,-3.949708938598633,0.2315167933702469,-1.861688494682312,-0.005598234478384256,-0.9755263328552246,-0.017501341179013252,0.2191138118505478
43000.0,-3.9451651573181152,0.22673377394676208,-1.8580821752548218,0.00023729467648081481,-0.9733706712722778,-0.0281375665217638,0.22750329971313477
43000.0,-3.941105604171753,0.2226320505142212,-1.8556064367294312,-0.006051301956176758,-0.9744535684585571,-0.019979819655418396,0.22361724078655243
43000.0,-3.937350273132324,0.21901535987854004,-1.8528172969818115,-0.006520095746964216,-0.9758468270301819,-0.016328228637576103,0.21774713695049286
43500.0,-3.933345317840576,0.2147161066532135,-1.849670648574829,-0.0039056907407939434,-0.9755743741989136,-0.019236503168940544,0.2187909185886383
43500.0,-3.9287397861480713,0.2099442034959793,-1.8464741706848145,-0.006900622509419918,-0.9738619327545166,-0.026436513289809227,0.2254919707775116
43500.0,-3.9247803688049316,0.2063884288072586,-1.8439319133758545,-0.005054140463471413,-0.9759568572044373,-0.014276389963924885,0.2174372673034668
43500.0,-3.9205760955810547,0.20211155712604523,-1.8409477472305298,-0.004157645627856255,-0.9758105278015137,-0.018391648307442665,0.21780337393283844
44000.0,-3.9159903526306152,0.19756092131137848,-1.8374316692352295,-0.0024802382104098797,-0.9743838310241699,-0.0237741619348526,0.22361740469932556
44000.0,-3.912094831466675,0.1937394142150879,-1.8349977731704712,-0.005552744958549738,-0.9757358431816101,-0.016781549900770187,0.2182365208864212
44000.0,-3.9076943397521973,0.1898375302553177,-1.8318157196044922,-0.005990137346088886,-0.975368082523346,-0.02640562690794468,0.21891558170318604
44000.0,-3.9032528400421143,0.1856389045715332,-1.8289406299591064,-0.008986815810203552,-0.9751391410827637,-0.02391151338815689,0.22011609375476837
44500.0,-3.898846387863159,0.18165072798728943,-1.8257719278335571,-0.004019842483103275,-0.9752547740936279,-0.01993497461080551,0.220147043466568
44500.0,-3.8945276737213135,0.17780882120132446,-1.822432518005371,-0.002882927656173706,-0.9747575521469116,-0.022960063070058823,0.2220635861158371
44500.0,-3.8900399208068848,0.1734323501586914,-1.8194175958633423,-0.004484891425818205,-0.9744536280632019,-0.026218978688120842,0.2230084240436554
44500.0,-3.885972738265991,0.17009150981903076,-1.8165857791900635,-0.007352048996835947,-0.9755755066871643,-0.020412404090166092,0.21859031915664673
45000.0,-3.8816168308258057,0.16625726222991943,-1.8133591413497925,-0.006984244100749493,-0.9752510190010071,-0.026746107265353203,0.21936576068401337
45000.0,-3.8772053718566895,0.1624097377061844,-1.810559868812561,-0.01058791670948267,-0.9756680727005005,-0.023743214085698128,0.21770623326301575
45000.0,-3.872889757156372,0.15894398093223572,-1.8076701164245605,-0.009232229553163052,-0.976528525352478,-0.019576381891965866,0.21429802477359772
45500.0,-3.86855149269104,0.15513457357883453,-1.8044825792312622,-0.011262069456279278,-0.9762231111526489,-0.022113140672445297,0.2153431624174118
45500.0,-3.8637425899505615,0.1509862244129181,-1.801138997077942,-0.007127039600163698,-0.9757326245307922,-0.02639179490506649,0.2172526866197586
45500.0,-3.8586854934692383,0.147444486618042,-1.7977999448776245,-0.0012491067172959447,-0.9732397794723511,-0.036212027072906494,0.22691747546195984
45500.0,-3.8546669483184814,0.1443740874528885,-1.795253038406372,-0.008241857402026653,-0.9759328365325928,-0.023531071841716766,0.21664148569107056
46000.0,-3.8501689434051514,0.1414598673582077,-1.7922298908233643,-0.016452012583613396,-0.9765527248382568,-0.021136032417416573,0.2136058509349823
46000.0,-3.845653772354126,0.1380367875099182,-1.7888861894607544,-0.010947871953248978,-0.9763029217720032,-0.02379368245601654,0.21481768786907196
46000.0,-3.8405098915100098,0.13401323556900024,-1.7854504585266113,-0.004793895874172449,-0.9747559428215027,-0.029704397544264793,0.22123654186725616
46500.0,-3.836261749267578,0.13146397471427917,-1.7827668190002441,-0.014124905690550804,-0.9761747121810913,-0.0208542812615633,0.21551920473575592
46500.0,-3.8313708305358887,0.12843357026576996,-1.7791837453842163,-0.008751243352890015,-0.9753334522247314,-0.028374914079904556,0.21873067319393158
46500.0,-3.8269317150115967,0.1262252926826477,-1.7767442464828491,-0.01488088071346283,-0.976956307888031,-0.01768677309155464,0.2121846228837967
46500.0,-3.8223443031311035,0.12355180829763412,-1.7733838558197021,-0.009325503371655941,-0.9767138361930847,-0.019028054550290108,0.21349750459194183
47000.0,-3.8173928260803223,0.12044131010770798,-1.7701385021209717,-0.008427978493273258,-0.9766905903816223,-0.021191485226154327,0.21343739330768585
47000.0,-3.8128347396850586,0.11853091418743134,-1.7671537399291992,-0.010116595774888992,-0.9771064519882202,-0.0211411751806736,0.21145641803741455
47000.0,-3.807573080062866,0.1160757914185524,-1.7632927894592285,-0.005159099120646715,-0.9755561351776123,-0.026715928688645363,0.2180594950914383
47500.0,-3.8029043674468994,0.11441455781459808,-1.7608753442764282,-0.01561302226036787,-0.9773299694061279,-0.0189343374222517,0.21029464900493622
47500.0,-3.798147201538086,0.1122833713889122,-1.7572627067565918,-0.009837326593697071,-0.9766610860824585,-0.022198369726538658,0.21340948343276978
47500.0,-3.793247938156128,0.11038686335086823,-1.7541143894195557,-0.01175211276859045,-0.9769694209098816,-0.021249152719974518,0.2119932621717453
47500.0,-3.788459062576294,0.10882716625928879,-1.7509697675704956,-0.007522488944232464,-0.9775763750076294,-0.01888744719326496,0.20959804952144623
48000.0,-3.7835659980773926,0.10746674984693527,-1.7478771209716797,-0.012526864185929298,-0.9780100584030151,-0.0180492103099823,0.20739702880382538
48000.0,-3.7788069248199463,0.1063741147518158,-1.7445584535598755,-0.00820501521229744,-0.9780175685882568,-0.019438765943050385,0.20745216310024261
48000.0,-3.773256301879883,0.10479313880205154,-1.740909218788147,-0.011119031347334385,-0.9769634008407593,-0.02123737893998623,0.21205629408359528
48000.0,-3.768533945083618,0.10439681261777878,-1.7377077341079712,-0.01110745593905449,-0.977522611618042,-0.020174602046608925,0.2095690369606018
48500.0,-3.7634472846984863,0.10336016863584518,-1.734795093536377,-0.013294151052832603,-0.978267252445221,-0.015383560210466385,0.2063489407300949
48500.0,-3.75858998298645,0.10292939841747284,-1.7312265634536743,-0.011028614826500416,-0.9776627421379089,-0.020711271092295647,0.20886622369289398
48500.0,-3.753164291381836,0.10227201879024506,-1.7274378538131714,-0.011348221451044083,-0.97650545835495,-0.028002342209219933,0.21336394548416138
49000.0,-3.748272180557251,0.10225962847471237,-1.7244235277175903,-0.01051199808716774,-0.9778676629066467,-0.0234228428453207,0.20764347910881042
49000.0,-3.7432148456573486,0.10252941399812698,-1.721128225326538,-0.007351637817919254,-0.9782344102859497,-0.021608388051390648,0.20624405145645142
49000.0,-3.737830400466919,0.10297302901744843,-1.7179185152053833,-0.01316751167178154,-0.9788047075271606,-0.020475521683692932,0.20334391295909882
49000.0,-3.7326273918151855,0.10369963943958282,-1.7144935131072998,-0.013141817413270473,-0.9788296818733215,-0.02262645587325096,0.20299704372882843
49500.0,-3.7273428440093994,0.1044316366314888,-1.711277723312378,-0.01239324826747179,-0.9794043898582458,-0.02494078502058983,0.19997888803482056
49500.0,-3.7218034267425537,0.10490195453166962,-1.7075976133346558,-0.006653283257037401,-0.9788858294487,-0.026071419939398766,0.20262908935546875
49500.0,-3.71667218208313,0.10643739998340607,-1.7043389081954956,-0.009494221769273281,-0.9785988330841064,-0.02411080151796341,0.20413951575756073
49500.0,-3.7112159729003906,0.10831234604120255,-1.7009055614471436,-0.014491686597466469,-0.9793411493301392,-0.02137702703475952,0.20055943727493286
50000.0,-3.7054662704467773,0.10943134129047394,-1.6971311569213867,-0.010179159231483936,-0.9784578084945679,-0.027082102373242378,0.20440976321697235
50000.0,-3.700105905532837,0.1112285852432251,-1.6940693855285645,-0.01078227162361145,-0.9793977737426758,-0.021756907925009727,0.20047539472579956
50000.0,-3.6942951679229736,0.113249272108078,-1.6898410320281982,-0.00830443762242794,-0.9778326153755188,-0.031411007046699524,0.20685222744941711
50500.0,-3.6888020038604736,0.1153322160243988,-1.6869045495986938,-0.007566923275589943,-0.9796728491783142,-0.023292457684874535,0.1991012692451477
50500.0,-3.683474063873291,0.11823461949825287,-1.6832504272460938,-0.009258277714252472,-0.9795371294021606,-0.024913717061281204,0.1995009034872055
50500.0,-3.6775310039520264,0.12036439776420593,-1.6792738437652588,-0.00845030415803194,-0.9784582853317261,-0.02685065008699894,0.20451676845550537
50500.0,-3.672037124633789,0.12268070876598358,-1.6762166023254395,-0.006295899860560894,-0.9800279140472412,-0.02694387175142765,0.19692549109458923
51000.0,-3.6663007736206055,0.12564799189567566,-1.6723685264587402,-0.00796173233538866,-0.9796618223190308,-0.025345897302031517,0.19888953864574432
51000.0,-3.660872220993042,0.1282680332660675,-1.6686232089996338,-0.005669387057423592,-0.9797214865684509,-0.027227915823459625,0.19842486083507538
51000.0,-3.6551549434661865,0.1308428943157196,-1.6648062467575073,-0.008028998970985413,-0.9794382452964783,-0.029978880658745766,0.1993430256843567
51500.0,-3.649353265762329,0.13321179151535034,-1.6613717079162598,-0.008285063318908215,-0.9801802635192871,-0.02612942084670067,0.1962020993232727
51500.0,-3.643789291381836,0.13616535067558289,-1.6579482555389404,-0.00916143599897623,-0.9804124236106873,-0.02651650458574295,0.19494739174842834
51500.0,-3.6379282474517822,0.1396000236272812,-1.6538755893707275,-0.007226974703371525,-0.9800280928611755,-0.02652215212583542,0.1969502866268158
51500.0,-3.631864070892334,0.14247925579547882,-1.6499049663543701,-0.005014174617826939,-0.9791004657745361,-0.03382844477891922,0.2004816085100174
52000.0,-3.6261680126190186,0.146134614944458,-1.646820306777954,-0.006793728563934565,-0.9806556105613708,-0.029321856796741486,0.19341351091861725
52000.0,-3.6204309463500977,0.14974907040596008,-1.6430870294570923,-0.008366692811250687,-0.9808564186096191,-0.02895471826195717,0.19238613545894623
52000.0,-3.614427328109741,0.15362156927585602,-1.6390894651412964,-0.00471664872020483,-0.9805802702903748,-0.0256495364010334,0.19437697529792786
52000.0,-3.6081738471984863,0.15743930637836456,-1.6348696947097778,-0.004766425117850304,-0.9791386723518372,-0.03217361867427826,0.20057335495948792
52500.0,-3.602562189102173,0.16197960078716278,-1.6317169666290283,-0.012178128585219383,-0.9807741045951843,-0.025941895321011543,0.19303102791309357
52500.0,-3.596160888671875,0.16586637496948242,-1.6277064085006714,-0.008600199595093727,-0.9805173873901367,-0.02766149677336216,0.19428525865077972
52500.0,-3.5903284549713135,0.170883446931839,-1.6240886449813843,-0.011965029872953892,-0.9808005690574646,-0.027681412175297737,0.1926676481962204
53000.0,-3.58443284034729,0.17569737136363983,-1.6203488111495972,-0.008269895799458027,-0.9809721112251282,-0.02540150284767151,0.1923026740550995
53000.0,-3.578242778778076,0.18070277571678162,-1.6163450479507446,-0.0069189839996397495,-0.9808664917945862,-0.023357760161161423,0.19315150380134583
53000.0,-3.572006940841675,0.1859533041715622,-1.6124752759933472,-0.008567548356950283,-0.9807460308074951,-0.02444017305970192,0.19356301426887512
53000.0,-3.5659565925598145,0.19126857817173004,-1.608642339706421,-0.009215065278112888,-0.9804692268371582,-0.025936489924788475,0.19473674893379211
53500.0,-3.559729814529419,0.19714084267616272,-1.6046398878097534,-0.00931193120777607,-0.9804344773292542,-0.02676350064575672,0.1947954297065735
53500.0,-3.5536539554595947,0.20321953296661377,-1.601139783859253,-0.011688132770359516,-0.9813263416290283,-0.02514728158712387,0.19034084677696228
53500.0,-3.5473744869232178,0.20937004685401917,-1.5971208810806274,-0.00905650481581688,-0.9812347292900085,-0.02343791536986828,0.19117334485054016
54000.0,-3.540931463241577,0.21552914381027222,-1.5931633710861206,-0.008896348997950554,-0.980776309967041,-0.026013432070612907,0.1931890994310379
54000.0,-3.5345983505249023,0.2219984233379364,-1.5890581607818604,-0.007903140969574451,-0.9805023074150085,-0.02645224705338478,0.19455882906913757
54000.0,-3.5283079147338867,0.2288857400417328,-1.5853030681610107,-0.009291982278227806,-0.9812330603599548,-0.023061176761984825,0.19121594727039337
54000.0,-3.522068738937378,0.2356698364019394,-1.5812908411026,-0.008685491979122162,-0.9810436964035034,-0.022761674597859383,0.19224925339221954
54000.0,-3.515748977661133,0.24315214157104492,-1.577035665512085,-0.009977827779948711,-0.9804692268371582,-0.02724359557032585,0.19452105462551117
54000.0,-3.509537696838379,0.2505777180194855,-1.573264241218567,-0.011222579516470432,-0.980647623538971,-0.023907305672764778,0.19399212300777435
54000.0,-3.5030295848846436,0.2583659887313843,-1.5690988302230835,-0.007989575155079365,-0.9804276823997498,-0.028854412958025932,0.19459012150764465
54000.0,-3.49698543548584,0.26660212874412537,-1.5656484365463257,-0.009132271632552147,-0.981630265712738,-0.022186819463968277,0.18927878141403198
54000.0,-3.4906005859375,0.27533280849456787,-1.5617566108703613,-0.012893304228782654,-0.9817614555358887,-0.0198542270809412,0.18863756954669952
54000.0,-3.48400616645813,0.28375867009162903,-1.557830572128296,-0.01248947810381651,-0.9816634058952332,-0.021572038531303406,0.18898579478263855
54000.0,-3.477545738220215,0.29214900732040405,-1.5538033246994019,-0.008975804783403873,-0.9816267490386963,-0.020529204979538918,0.18949100375175476
54000.0,-3.470736026763916,0.3009721636772156,-1.5491758584976196,-0.009890735149383545,-0.9806195497512817,-0.024824488908052444,0.1940908133983612
54000.0,-3.4642086029052734,0.3100728988647461,-1.5449116230010986,-0.006610382813960314,-0.9805244207382202,-0.024797437712550163,0.19471322000026703
54000.0,-3.457944631576538,0.3192955553531647,-1.5416007041931152,-0.006746417377144098,-0.981745183467865,-0.018651943653821945,0.18916399776935577
54000.0,-3.451214551925659,0.3290899395942688,-1.5374895334243774,-0.008936282247304916,-0.9812347888946533,-0.022565506398677826,0.19128315150737762
54000.0,-3.444659471511841,0.3396981358528137,-1.5335255861282349,-0.014359834603965282,-0.9816460013389587,-0.021818531677126884,0.18891501426696777
54000.0,-3.4380600452423096,0.34997209906578064,-1.5294365882873535,-0.014126429334282875,-0.9818782210350037,-0.01916389912366867,0.1880117803812027
53500.0,-3.4314725399017334,0.36011838912963867,-1.5255101919174194,-0.012806947343051434,-0.9818322658538818,-0.022860251367092133,0.18793272972106934
53500.0,-3.424717664718628,0.3706861734390259,-1.521366834640503,-0.011056388728320599,-0.9817837476730347,-0.02263764664530754,0.18832449615001678
53500.0,-3.4180808067321777,0.3816531002521515,-1.5172162055969238,-0.013136085122823715,-0.9817131757736206,-0.023853247985243797,0.1884082853794098
53500.0,-3.411567449569702,0.3931719958782196,-1.5130715370178223,-0.012524165213108063,-0.9818888306617737,-0.021989526227116585,0.1877603977918625
53500.0,-3.40483021736145,0.4044710099697113,-1.50896418094635,-0.00995401106774807,-0.9818131923675537,-0.022629093378782272,0.18823325634002686
53500.0,-3.397960901260376,0.4160393178462982,-1.5047554969787598,-0.009295664727687836,-0.981544554233551,-0.026627041399478912,0.18914303183555603
53500.0,-3.391496181488037,0.4278055429458618,-1.5010420083999634,-0.01129073090851307,-0.9821431636810303,-0.021479442715644836,0.18656380474567413
53500.0,-3.384686231613159,0.4399394989013672,-1.496855616569519,-0.010112715885043144,-0.982377827167511,-0.02000409923493862,0.18555739521980286
53500.0,-3.3779470920562744,0.4522117078304291,-1.4926822185516357,-0.013740315102040768,-0.9820683002471924,-0.017636172473430634,0.18719522655010223
53500.0,-3.371187925338745,0.464691162109375,-1.4882129430770874,-0.012451880611479282,-0.9816861748695374,-0.02081405557692051,0.18895533680915833
53500.0,-3.364492654800415,0.47741010785102844,-1.4842561483383179,-0.009166920557618141,-0.9822901487350464,-0.020217522978782654,0.18604643642902374
53500.0,-3.357351779937744,0.4902721345424652,-1.4791792631149292,-0.008654134348034859,-0.980444073677063,-0.024118119850754738,0.195123091340065
53500.0,-3.3502509593963623,0.5033254623413086,-1.475095510482788,-0.006089822854846716,-0.9802000522613525,-0.03364969417452812,0.19503475725650787
53500.0,-3.34360671043396,0.5171809792518616,-1.4715977907180786,-0.010463336482644081,-0.9818176031112671,-0.025858191773295403,0.18776646256446838
53500.0,-3.3367536067962646,0.5306870937347412,-1.4678587913513184,-0.011376040987670422,-0.9826184511184692,-0.020602360367774963,0.18413926661014557
53500.0,-3.329761505126953,0.5446299314498901,-1.4636785984039307,-0.012428122572600842,-0.9829531908035278,-0.018836740404367447,0.18246601521968842
53500.0,-3.3229503631591797,0.5587499141693115,-1.4594141244888306,-0.013032866641879082,-0.9826914668083191,-0.020225849002599716,0.1836809664964676
53500.0,-3.316092014312744,0.5729802846908569,-1.4550715684890747,-0.012386061251163483,-0.9822033047676086,-0.021411944180727005,0.18618501722812653
53500.0,-3.3087832927703857,0.5874208807945251,-1.45030677318573,-0.008460069075226784,-0.9812536835670471,-0.03073590062558651,0.19006578624248505
53500.0,-3.301708459854126,0.6020188927650452,-1.4463047981262207,-0.010472319088876247,-0.981755256652832,-0.0266171433031559,0.18798565864562988
53500.0,-3.2948336601257324,0.61687833070755,-1.4426531791687012,-0.01114021148532629,-0.9825659394264221,-0.022882429882884026,0.1841646283864975
53500.0,-3.2877888679504395,0.6317353844642639,-1.4380854368209839,-0.011232573539018631,-0.9818301200866699,-0.020035497844219208,0.1883670538663864
53000.0,-3.280482530593872,0.6471832990646362,-1.433640718460083,-0.009047083556652069,-0.9817734360694885,-0.027422532439231873,0.1878487914800644
53000.0,-3.2734413146972656,0.6626248359680176,-1.4297949075698853,-0.009289614856243134,-0.9825488328933716,-0.021435929462313652,0.18453218042850494
53000.0,-3.2664878368377686,0.6782782077789307,-1.4257752895355225,-0.008843639865517616,-0.9828141927719116,-0.02014024741947651,0.183282732963562
53000.0,-3.2594106197357178,0.6941714286804199,-1.4215962886810303,-0.007787143345922232,-0.9830252528190613,-0.02188175916671753,0.18199436366558075
53000.0,-3.2523090839385986,0.7100226879119873,-1.4173425436019897,-0.007708467077463865,-0.9830411672592163,-0.019672270864248276,0.18216368556022644
53000.0,-3.244832992553711,0.7259382605552673,-1.4121358394622803,-0.0066499547101557255,-0.981323778629303,-0.02350729890167713,0.19080573320388794
53000.0,-3.237637758255005,0.7425757050514221,-1.408001184463501,-0.007993513718247414,-0.9814632534980774,-0.02666792832314968,0.18961794674396515
53000.0,-3.230625629425049,0.7593109607696533,-1.4040535688400269,-0.008511417545378208,-0.9822576642036438,-0.01914867013692856,0.1863623410463333
53000.0,-3.2235164642333984,0.7759986519813538,-1.4001283645629883,-0.009404800832271576,-0.9831193685531616,-0.018343325704336166,0.1818004995584488
53000.0,-3.2162656784057617,0.7929156422615051,-1.395687222480774,-0.007264972664415836,-0.9830079078674316,-0.023691777139902115,0.18188335001468658
53000.0,-3.2092418670654297,0.8101459741592407,-1.3913757801055908,-0.006158382631838322,-0.9833676815032959,-0.02088615857064724,0.18031591176986694
53000.0,-3.201881170272827,0.8274446725845337,-1.386866569519043,-0.008542025461792946,-0.9827812910079956,-0.02557063102722168,0.18279555439949036
53000.0,-3.1945559978485107,0.8446629643440247,-1.3825688362121582,-0.009130450896918774,-0.9826295375823975,-0.02300184965133667,0.18392086029052734
53000.0,-3.187154531478882,0.8623114228248596,-1.3781808614730835,-0.009335393086075783,-0.9826716780662537,-0.021439772099256516,0.1838737279176712
53000.0,-3.179677724838257,0.8802558779716492,-1.3737099170684814,-0.008221318013966084,-0.9824973940849304,-0.02683839574456215,0.18414923548698425
53000.0,-3.1725568771362305,0.8980761766433716,-1.3690747022628784,-0.008212433196604252,-0.9824971556663513,-0.017634792253375053,0.18525908887386322
53000.0,-3.1650588512420654,0.9163357615470886,-1.364366888999939,-0.008349270559847355,-0.9820899367332458,-0.02162320539355278,0.18698158860206604
53000.0,-3.1578807830810547,0.9348425269126892,-1.3607177734375,-0.009665342979133129,-0.9834123253822327,-0.02242075838148594,0.17973357439041138
53000.0,-3.1506154537200928,0.953406035900116,-1.3566886186599731,-0.01045285351574421,-0.9839061498641968,-0.021058401092886925,0.17713290452957153
53000.0,-3.1433799266815186,0.9716588854789734,-1.3521571159362793,-0.0112373698502779,-0.9832183122634888,-0.01921313814818859,0.18107005953788757
53000.0,-3.1357009410858154,0.9904690384864807,-1.3471276760101318,-0.006679100915789604,-0.9824108481407166,-0.025101790204644203,0.18491709232330322
53000.0,-3.1283669471740723,1.009601354598999,-1.3431127071380615,-0.009585232473909855,-0.9833356142044067,-0.020539509132504463,0.1803814172744751
53000.0,-3.120861768722534,1.0288419723510742,-1.338878870010376,-0.009991425089538097,-0.9837127327919006,-0.021140504628419876,0.1782202273607254
53000.0,-3.113178253173828,1.0479756593704224,-1.3345087766647339,-0.010458249598741531,-0.983661949634552,-0.02258562296628952,0.17829690873622894
53000.0,-3.1055424213409424,1.0673810243606567,-1.3300143480300903,-0.010346113704144955,-0.9838067889213562,-0.021917585283517838,0.1775859296321869
53000.0,-3.0980639457702637,1.087120771408081,-1.3258072137832642,-0.013249056413769722,-0.9842450618743896,-0.023630978539586067,0.17472200095653534
53000.0,-3.0904743671417236,1.1066844463348389,-1.3209508657455444,-0.01068198960274458,-0.983924150466919,-0.022548751905560493,0.17683541774749756
53000.0,-3.0830137729644775,1.1265177726745605,-1.3162360191345215,-0.01194362435489893,-0.9831573367118835,-0.024812644347548485,0.1806751936674118
53000.0,-3.075723886489868,1.1470121145248413,-1.3123235702514648,-0.011189626529812813,-0.9845089316368103,-0.022559119388461113,0.17351660132408142
53000.0,-3.0683114528656006,1.1671379804611206,-1.3078012466430664,-0.010138641111552715,-0.9845004081726074,-0.020031416788697243,0.17393949627876282
53000.0,-3.0606679916381836,1.1873931884765625,-1.303162693977356,-0.010933938436210155,-0.9843084812164307,-0.022348493337631226,0.17469334602355957
53000.0,-3.0528061389923096,1.2078678607940674,-1.2988002300262451,-0.012767661362886429,-0.9844244122505188,-0.023584838956594467,0.17375069856643677
53000.0,-3.044877767562866,1.2281166315078735,-1.2933138608932495,-0.008131950162351131,-0.9834176301956177,-0.02580934762954712,0.17932575941085815
53000.0,-3.03764009475708,1.2492907047271729,-1.289772629737854,-0.008047866635024548,-0.9848653674125671,-0.022027183324098587,0.17172765731811523
53000.0,-3.029864549636841,1.2702772617340088,-1.2848368883132935,-0.00901984702795744,-0.9846328496932983,-0.02301834337413311,0.17287875711917877
53000.0,-3.022190809249878,1.2913477420806885,-1.2807353734970093,-0.011446303687989712,-0.9849976897239685,-0.021417681127786636,0.17085066437721252
53000.0,-3.0144128799438477,1.3125696182250977,-1.2762565612792969,-0.014118008315563202,-0.9849289655685425,-0.020327458158135414,0.1711796224117279
53000.0,-3.0063557624816895,1.3336327075958252,-1.2712881565093994,-0.011400850489735603,-0.9839829206466675,-0.022333625704050064,0.17649085819721222
53000.0,-2.9987399578094482,1.3552950620651245,-1.2672075033187866,-0.0127872871235013,-0.9852829575538635,-0.02123810164630413,0.169124573469162
53000.0,-2.991030216217041,1.3769419193267822,-1.2623051404953003,-0.010073776356875896,-0.984658420085907,-0.024203648790717125,0.17251211404800415
53000.0,-2.983177900314331,1.3986601829528809,-1.258027195930481,-0.011703199706971645,-0.9847860336303711,-0.0229742880910635,0.17184802889823914
53000.0,-2.9752418994903564,1.4207533597946167,-1.2536907196044922,-0.011432083323597908,-0.9856038093566895,-0.020647862926125526,0.16741637885570526
53000.0,-2.9674510955810547,1.4426569938659668,-1.2489503622055054,-0.009480880573391914,-0.985625684261322,-0.01925286091864109,0.16757531464099884
53000.0,-2.959327459335327,1.4645246267318726,-1.243911623954773,-0.009883610531687737,-0.9841217994689941,-0.02540859393775463,0.1753881573677063
53000.0,-2.9513189792633057,1.4868886470794678,-1.2390209436416626,-0.009269917383790016,-0.9838993549346924,-0.030882658436894417,0.1757911890745163
53000.0,-2.9435858726501465,1.5094795227050781,-1.234441876411438,-0.0058670928701758385,-0.9841973185539246,-0.027127554640173912,0.17488640546798706
53000.0,-2.935448408126831,1.5319355726242065,-1.2298983335494995,-0.01218994241207838,-0.9841095209121704,-0.02733662724494934,0.1750219464302063
53000.0,-2.9274675846099854,1.5545203685760498,-1.2254890203475952,-0.009349562227725983,-0.9843421578407288,-0.025290977209806442,0.1741943508386612
53000.0,-2.9194869995117188,1.5772887468338013,-1.220882773399353,-0.011118016205728054,-0.9844232797622681,-0.028651470318436623,0.17310796678066254
53000.0,-2.911694288253784,1.6004990339279175,-1.216445803642273,-0.013266567140817642,-0.9850835800170898,-0.022461500018835068,0.17008811235427856
53000.0,-2.9036471843719482,1.6234420537948608,-1.2115817070007324,-0.004151081200689077,-0.9847080111503601,-0.027414066717028618,0.17199276387691498
53000.0,-2.895329236984253,1.646410346031189,-1.2068473100662231,-0.0053149121813476086,-0.9847978353500366,-0.024892743676900864,0.1718292385339737
53000.0,-2.8876209259033203,1.6700762510299683,-1.2024487257003784,-0.008063772693276405,-0.9852908849716187,-0.023312507197260857,0.16909588873386383
53000.0,-2.8793563842773438,1.6934312582015991,-1.1976155042648315,-0.006509421858936548,-0.9852803945541382,-0.022439463064074516,0.16934211552143097
53000.0,-2.8715336322784424,1.7173490524291992,-1.1935642957687378,-0.01063618529587984,-0.9863924384117126,-0.020338578149676323,0.16279785335063934
53000.0,-2.863163471221924,1.740524411201477,-1.1888214349746704,-0.014255784451961517,-0.9862630367279053,-0.018760915845632553,0.16349363327026367
53000.0,-2.8545913696289062,1.7639988660812378,-1.1842080354690552,-0.012921891175210476,-0.9860649704933167,-0.022465908899903297,0.16432985663414001
53000.0,-2.846496105194092,1.7881686687469482,-1.180126428604126,-0.012586009688675404,-0.9861767292022705,-0.022942587733268738,0.1636175662279129
53000.0,-2.8380374908447266,1.8116648197174072,-1.1750127077102661,-0.01059903297573328,-0.9853407740592957,-0.024532051756978035,0.16849194467067719
53000.0,-2.830146074295044,1.836100697517395,-1.1706650257110596,-0.01086375117301941,-0.9859517216682434,-0.022510994225740433,0.16515034437179565
52500.0,-2.821794033050537,1.860139012336731,-1.1659644842147827,-0.013130507431924343,-0.9864486455917358,-0.021030234172940254,0.16218669712543488
52500.0,-2.8134734630584717,1.8841999769210815,-1.160892128944397,-0.00854577124118805,-0.9854215979576111,-0.024654369801282883,0.1681174635887146
52500.0,-2.8049330711364746,1.9083447456359863,-1.1558772325515747,-0.008279328234493732,-0.9848768711090088,-0.029077112674713135,0.17059798538684845
52000.0,-2.796670913696289,1.9329807758331299,-1.1515198945999146,-0.01269249152392149,-0.9860888123512268,-0.02188546024262905,0.16428259015083313
52000.0,-2.7881717681884766,1.9571596384048462,-1.1466734409332275,-0.005614150781184435,-0.9849310517311096,-0.027408167719841003,0.17066945135593414
52000.0,-2.780226945877075,1.9822251796722412,-1.1422202587127686,-0.013946102000772953,-0.9861578345298767,-0.02613348886370659,0.1631421446800232
52000.0,-2.7717249393463135,2.006613254547119,-1.137247085571289,-0.007934671826660633,-0.9857180714607239,-0.02984583005309105,0.16554796695709229
51500.0,-2.7634243965148926,2.031590461730957,-1.133072853088379,-0.012241818942129612,-0.9867174625396729,-0.02022281475365162,0.16071687638759613
51500.0,-2.754920244216919,2.056248664855957,-1.127738356590271,-0.009398795664310455,-0.9857137203216553,-0.025163233280181885,0.1662738174200058
51500.0,-2.7466461658477783,2.0813300609588623,-1.1231460571289062,-0.007639699149876833,-0.9861408472061157,-0.0205400213599205,0.16445665061473846
51500.0,-2.7380478382110596,2.106278419494629,-1.118281602859497,-0.0069459849037230015,-0.9859451055526733,-0.024168293923139572,0.16516637802124023
51000.0,-2.729611396789551,2.1315033435821533,-1.1139285564422607,-0.011985709890723228,-0.9864804744720459,-0.024096667766571045,0.16165371239185333
51000.0,-2.7207133769989014,2.1562001705169678,-1.1088048219680786,-0.007317509036511183,-0.9858152270317078,-0.025079499930143356,0.16578873991966248
51000.0,-2.712502956390381,2.18172550201416,-1.1045769453048706,-0.011278721503913403,-0.9867631793022156,-0.022621547803282738,0.16018624603748322
50500.0,-2.703819513320923,2.206700563430786,-1.099449634552002,-0.006990443915128708,-0.9858527183532715,-0.027545366436243057,0.16518737375736237
50500.0,-2.6956217288970947,2.232522487640381,-1.0951508283615112,-0.012520802207291126,-0.986716628074646,-0.02363591641187668,0.1602344661951065
50500.0,-2.687046527862549,2.2576711177825928,-1.0900194644927979,-0.007315050810575485,-0.9858083128929138,-0.02636294811964035,0.16563096642494202
50500.0,-2.678929090499878,2.283529281616211,-1.0856677293777466,-0.008101689629256725,-0.9869760274887085,-0.02122633531689644,0.15925543010234833
50000.0,-2.670318841934204,2.3089964389801025,-1.0808814764022827,-0.010619670152664185,-0.9868847131729126,-0.023284727707505226,0.15938521921634674
50000.0,-2.661729097366333,2.3346357345581055,-1.0763053894042969,-0.012842850759625435,-0.9870821833610535,-0.021720247343182564,0.15821515023708344
50000.0,-2.653195381164551,2.3601462841033936,-1.071638822555542,-0.009492087177932262,-0.9869351387023926,-0.021967148408293724,0.1593310534954071
49500.0,-2.6444203853607178,2.385441780090332,-1.0670288801193237,-0.009306874126195908,-0.987304151058197,-0.0208035446703434,0.15719816088676453
49500.0,-2.6355478763580322,2.4106690883636475,-1.0615792274475098,-0.003977811895310879,-0.9860385060310364,-0.027748456224799156,0.16414141654968262
49500.0,-2.626946449279785,2.436495542526245,-1.0566776990890503,-0.007166630122810602,-0.9860036373138428,-0.027830351144075394,0.16422812640666962
49500.0,-2.6185712814331055,2.462658166885376,-1.0523784160614014,-0.01143641583621502,-0.9868219494819641,-0.025423452258110046,0.1593906432390213
49000.0,-2.6099143028259277,2.487938404083252,-1.0474574565887451,-0.007970181293785572,-0.9865012764930725,-0.025515591725707054,0.16155745089054108
49000.0,-2.601271867752075,2.5135838985443115,-1.0426015853881836,-0.007529480382800102,-0.9864112138748169,-0.024983176961541176,0.16220997273921967
49000.0,-2.592616081237793,2.5393102169036865,-1.037867546081543,-0.00749873137101531,-0.9864025115966797,-0.0271204374730587,0.16192124783992767
49000.0,-2.5839076042175293,2.564990520477295,-1.0333809852600098,-0.008947967551648617,-0.9869208335876465,-0.025238266214728355,0.1589660495519638
48500.0,-2.5749893188476562,2.5903851985931396,-1.0283091068267822,-0.0024746935814619064,-0.9862850308418274,-0.026325419545173645,0.16291968524456024
48500.0,-2.5663206577301025,2.61607027053833,-1.0235897302627563,-0.0018684040987864137,-0.9863511323928833,-0.028819413855671883,0.16210335493087769
48500.0,-2.557710647583008,2.641934633255005,-1.019331932067871,-0.007515361532568932,-0.9874083399772644,-0.02130255661904812,0.15657131373882294
48000.0,-2.5490310192108154,2.667733907699585,-1.0146454572677612,-0.009479121305048466,-0.9876354932785034,-0.020076436921954155,0.155187726020813
48000.0,-2.5401885509490967,2.6930992603302,-1.0091639757156372,-0.006066208239644766,-0.9867815971374512,-0.022362027317285538,0.1603909432888031
48000.0,-2.53161358833313,2.71899151802063,-1.0047540664672852,-0.006763513665646315,-0.986720621585846,-0.024613389745354652,0.1604086458683014
48000.0,-2.5230753421783447,2.744885206222534,-1.0001914501190186,-0.010726639069616795,-0.9872857332229614,-0.02230858989059925,0.15701641142368317
47500.0,-2.5144455432891846,2.770723819732666,-0.9957505464553833,-0.012048629112541676,-0.9880439043045044,-0.023004617542028427,0.1519700139760971
47500.0,-2.505695104598999,2.7960667610168457,-0.9907501339912415,-0.009279493242502213,-0.9873674511909485,-0.024669071659445763,0.15624015033245087
47500.0,-2.4967610836029053,2.8214001655578613,-0.9855614304542542,-0.0033608151134103537,-0.9867070317268372,-0.028245646506547928,0.1600002497434616
47500.0,-2.4881489276885986,2.847357988357544,-0.9814313054084778,-0.009518754668533802,-0.9880257248878479,-0.021297503262758255,0.15251556038856506
47000.0,-2.4792449474334717,2.8725833892822266,-0.9761258363723755,-0.00880305003374815,-0.9869390726089478,-0.02600264362990856,0.15873758494853973
47000.0,-2.470543622970581,2.897949695587158,-0.9715090394020081,-0.007839169353246689,-0.9872808456420898,-0.025713015347719193,0.15669730305671692
47000.0,-2.461625814437866,2.923433303833008,-0.9670414924621582,-0.008032893761992455,-0.9877319931983948,-0.023540398105978966,0.15416546165943146
46500.0,-2.452622652053833,2.948608160018921,-0.9617750644683838,-0.003887495491653681,-0.9870120286941528,-0.02593357302248478,0.158491313457489
46500.0,-2.4438087940216064,2.9738407135009766,-0.9572753310203552,-0.006155320908874273,-0.9871119856834412,-0.02364952675998211,0.15815412998199463
46500.0,-2.4351632595062256,2.999457359313965,-0.9527163505554199,-0.007946502417325974,-0.9876667261123657,-0.023410331457853317,0.15460725128650665
46500.0,-2.4262847900390625,3.024578094482422,-0.9476316571235657,-0.005484312307089567,-0.9874464869499207,-0.023797230795025826,0.15605440735816956
46000.0,-2.4174861907958984,3.0497210025787354,-0.942841649055481,-0.004097641445696354,-0.9869174957275391,-0.027445439249277115,0.15882015228271484
46000.0,-2.4089102745056152,3.075197458267212,-0.9385364651679993,-0.008011463098227978,-0.9880661368370056,-0.02513367496430874,0.15175476670265198
46000.0,-2.399798631668091,3.0998642444610596,-0.9332937598228455,-0.003093373030424118,-0.9871273636817932,-0.027957534417510033,0.15744362771511078
46000.0,-2.390881061553955,3.1248395442962646,-0.9284287691116333,-0.004395822528749704,-0.9871405363082886,-0.024976421147584915,0.15783032774925232
45500.0,-2.3825039863586426,3.1503870487213135,-0.9240384101867676,-0.007352565415203571,-0.9870542287826538,-0.029751725494861603,0.15743137896060944
45500.0,-2.373699426651001,3.175220489501953,-0.9192678928375244,-0.008297808468341827,-0.987463653087616,-0.025014350190758705,0.1556314080953598
45500.0,-2.3645553588867188,3.199953079223633,-0.9146048426628113,-0.00642771041020751,-0.9874288439750671,-0.025943784043192863,0.15578807890415192
45000.0,-2.3555431365966797,3.2244181632995605,-0.9096482992172241,-0.002578157465904951,-0.9868190288543701,-0.030556289479136467,0.15889598429203033
45000.0,-2.346560001373291,3.249100685119629,-0.9047093391418457,-0.002213753294199705,-0.9870056509971619,-0.030016209930181503,0.1578415483236313
45000.0,-2.3381857872009277,3.2743377685546875,-0.9008563756942749,-0.008888727985322475,-0.9879422783851624,-0.025195935741066933,0.15249960124492645
45000.0,-2.3293633460998535,3.2983291149139404,-0.8955309987068176,-0.003185497596859932,-0.987233579158783,-0.027273638173937798,0.1568949669599533
44500.0,-2.3208348751068115,3.3232996463775635,-0.8911216259002686,-0.007343985605984926,-0.9880173206329346,-0.02684721350669861,0.15181295573711395
44500.0,-2.311671495437622,3.3472702503204346,-0.885903000831604,-0.006257540080696344,-0.9879773855209351,-0.02537359669804573,0.15237392485141754
44500.0,-2.3022265434265137,3.3714468479156494,-0.8808202743530273,-0.0036956067197024822,-0.9874728918075562,-0.02825000137090683,0.15519526600837708
44000.0,-2.293627977371216,3.3959908485412598,-0.8764629364013672,-0.008151615038514137,-0.9879135489463806,-0.026461848989129066,0.15251289308071136
44000.0,-2.2847559452056885,3.4202470779418945,-0.8721174597740173,-0.009392467327415943,-0.9887157082557678,-0.02377050369977951,0.1476074755191803
44000.0,-2.2756874561309814,3.4436533451080322,-0.8665170073509216,-0.0036835542414337397,-0.9877007007598877,-0.025722965598106384,0.1541820913553238
44000.0,-2.2672677040100098,3.468162775039673,-0.8625320196151733,-0.007594546303153038,-0.9882886409759521,-0.02474537119269371,0.1503850668668747
43500.0,-2.258392810821533,3.4919731616973877,-0.8576139807701111,-0.007797053083777428,-0.9881823062896729,-0.02488137222826481,0.15104976296424866
43500.0,-2.2496731281280518,3.5158023834228516,-0.8530992269515991,-0.007876649498939514,-0.9883579015731812,-0.02449861541390419,0.14995481073856354
43500.0,-2.2405741214752197,3.5390689373016357,-0.8480615019798279,-0.005475697107613087,-0.9882763624191284,-0.023326072841882706,0.15078411996364594
43500.0,-2.231933832168579,3.562939405441284,-0.8435820937156677,-0.00901565607637167,-0.9886729121208191,-0.02365708351135254,0.14793609082698822
43000.0,-2.222853422164917,3.586390733718872,-0.8389069437980652,-0.010424725711345673,-0.9887411594390869,-0.023996999487280846,0.14733141660690308
43000.0,-2.214428424835205,3.609844923019409,-0.8338992595672607,-0.0075545241124928,-0.988279402256012,-0.027070427313447,0.15004713833332062
43000.0,-2.2059826850891113,3.633539915084839,-0.8290372490882874,-0.007811079733073711,-0.9887659549713135,-0.02288859896361828,0.14750269055366516
42500.0,-2.197279453277588,3.656679630279541,-0.8241921663284302,-0.005954668391495943,-0.9888884425163269,-0.015813278034329414,0.14769642055034637
42500.0,-2.1886463165283203,3.6797292232513428,-0.819445788860321,-0.006161839701235294,-0.9889071583747864,-0.0178998913615942,0.14732412993907928
42500.0,-2.1795129776000977,3.7021584510803223,-0.8146223425865173,-0.005858140531927347,-0.9886417388916016,-0.01738046482205391,0.14916843175888062
42500.0,-2.170675277709961,3.7252726554870605,-0.8105749487876892,-0.006307777017354965,-0.9891119003295898,-0.0232356246560812,0.14518283307552338
42000.0,-2.1618919372558594,3.7478489875793457,-0.8060397505760193,-0.008520066738128662,-0.9892682433128357,-0.020541083067655563,0.14440901577472687
42000.0,-2.153201103210449,3.7705111503601074,-0.8013207316398621,-0.005655000917613506,-0.9895954132080078,-0.018503332510590553,0.14257171750068665
42000.0,-2.144404888153076,3.793071746826172,-0.7966246008872986,-0.007244081236422062,-0.9896466135978699,-0.017410941421985626,0.14228150248527527
42000.0,-2.1352927684783936,3.814990282058716,-0.7913413643836975,-0.004909555893391371,-0.9892387390136719,-0.018597805872559547,0.14504042267799377
41500.0,-2.1262218952178955,3.836956024169922,-0.7862066030502319,0.0002593057288322598,-0.9882001876831055,-0.024540875107049942,0.15118874609470367
41500.0,-2.117281198501587,3.8588149547576904,-0.7812674641609192,0.0012123177293688059,-0.9881638884544373,-0.025088168680667877,0.15133151412010193
41500.0,-2.10849666595459,3.8806803226470947,-0.7764660120010376,0.003421481465920806,-0.9878129959106445,-0.02854233980178833,0.152968168258667
41000.0,-2.1000876426696777,3.902819871902466,-0.7718549370765686,-0.004375466611236334,-0.9888359904289246,-0.02035633474588394,0.1475461721420288
41000.0,-2.0911319255828857,3.924186944961548,-0.7672240734100342,-0.0028429583180695772,-0.9886688590049744,-0.025071507319808006,0.14797747135162354
41000.0,-2.0822370052337646,3.945586681365967,-0.7627401351928711,-0.0017567297909408808,-0.9886965751647949,-0.02521066553890705,0.14778515696525574
41000.0,-2.073246955871582,3.966683864593506,-0.7578502297401428,-0.002999064279720187,-0.9886758327484131,-0.024876970797777176,0.14796020090579987
40500.0,-2.0642220973968506,3.9877026081085205,-0.7530838847160339,0.0023986503947526217,-0.9882021546363831,-0.02733139507472515,0.15067808330059052
40500.0,-2.0555500984191895,4.00872278213501,-0.7481411099433899,-0.0020089950412511826,-0.9889407753944397,-0.01993411034345627,0.14695189893245697
40500.0,-2.0468266010284424,4.029733180999756,-0.7432766556739807,-0.0007741652661934495,-0.9887034893035889,-0.020520836114883423,0.148471400141716
40000.0,-2.0380311012268066,4.050435543060303,-0.7385984659194946,-0.002804376184940338,-0.9889417886734009,-0.020052263513207436,0.14691554009914398
40000.0,-2.029247999191284,4.071030139923096,-0.7341848015785217,-0.004002092406153679,-0.9891277551651001,-0.018066348508000374,0.14588983356952667
40000.0,-2.0200891494750977,4.091119289398193,-0.7293826937675476,-0.0009277594508603215,-0.9886518120765686,-0.025216294452548027,0.14809124171733856
40000.0,-2.010952949523926,4.111178398132324,-0.7246472835540771,0.0020512137562036514,-0.9882831573486328,-0.027767512947320938,0.1500704437494278
40000.0,-2.0024282932281494,4.131430625915527,-0.720188319683075,-0.0028632264584302902,-0.9892517924308777,-0.023915037512779236,0.14422526955604553
40000.0,-1.9934875965118408,4.151351451873779,-0.7150784730911255,-0.0023278582375496626,-0.9888134002685547,-0.022051209583878517,0.1475004106760025
40000.0,-1.9846806526184082,4.171091556549072,-0.7102016806602478,-0.0041758352890610695,-0.9889150857925415,-0.019543252885341644,0.14713126420974731
40000.0,-1.9759654998779297,4.190740585327148,-0.7056370377540588,-0.00426769582554698,-0.9890815019607544,-0.02213752456009388,0.14563527703285217
40000.0,-1.9670308828353882,4.209978103637695,-0.7009044289588928,-0.002631621202453971,-0.9892104268074036,-0.02056749537587166,0.1450275033712387
40000.0,-1.9582260847091675,4.229234218597412,-0.696240246295929,-0.0012983393389731646,-0.9890668392181396,-0.020371180027723312,0.14604879915714264
40000.0,-1.9495699405670166,4.248672962188721,-0.6917828321456909,-0.005950987804681063,-0.9899427890777588,-0.01629985123872757,0.14040052890777588
40000.0,-1.9404473304748535,4.267237186431885,-0.6867108941078186,-0.0016929390840232372,-0.9891918301582336,-0.021485401317477226,0.14503462612628937
40000.0,-1.931674599647522,4.285971164703369,-0.6821517944335938,-0.0019590998999774456,-0.9894784092903137,-0.019378554075956345,0.1433640569448471
40000.0,-1.9226576089859009,4.304479122161865,-0.6768541932106018,-0.0015376935480162501,-0.9888996481895447,-0.020094983279705048,0.14721231162548065
40000.0,-1.9140468835830688,4.323122501373291,-0.6717201471328735,-0.002650504233315587,-0.9885658025741577,-0.016930878162384033,0.14981353282928467
40000.0,-1.9054877758026123,4.342072486877441,-0.6679298877716064,-0.00858438853174448,-0.9900902509689331,-0.017019053921103477,0.13913333415985107
40000.0,-1.896360158920288,4.35942268371582,-0.662757396697998,-0.0014697241131216288,-0.9889264702796936,-0.026940084993839264,0.14593380689620972
40000.0,-1.8877991437911987,4.37746524810791,-0.658296525478363,-0.001006396021693945,-0.9895439743995667,-0.02557346038520336,0.14194326102733612
40000.0,-1.87879478931427,4.3948822021484375,-0.6534320712089539,0.0008089984185062349,-0.989243745803833,-0.026838229969143867,0.14379169046878815
40000.0,-1.8699655532836914,4.413069248199463,-0.6492376923561096,-0.00568045862019062,-0.9901644587516785,-0.01927509531378746,0.1384582221508026
40000.0,-1.8610199689865112,4.430093765258789,-0.6438952088356018,-0.00030887560569681227,-0.9893310070037842,-0.02080855704843998,0.14419126510620117
40000.0,-1.8523504734039307,4.447399139404297,-0.6398528814315796,-0.0020934445783495903,-0.9900698661804199,-0.0217426847666502,0.13886874914169312
40000.0,-1.8432921171188354,4.464511394500732,-0.6344541907310486,-0.002570877783000469,-0.989435076713562,-0.02123435027897358,0.1433904618024826
40000.0,-1.8344323635101318,4.481651306152344,-0.6293402314186096,-0.0016919199842959642,-0.9892558455467224,-0.021089542657136917,0.14465567469596863
40000.0,-1.8256032466888428,4.4984822273254395,-0.6243385076522827,-0.0016272008651867509,-0.9887024164199829,-0.022230008617043495,0.14822590351104736
40000.0,-1.8171639442443848,4.51545524597168,-0.6194412112236023,-0.0036467118188738823,-0.9887408018112183,-0.023994354531168938,0.14765703678131104
40000.0,-1.808499813079834,4.53237247467041,-0.6146380305290222,-0.008072996512055397,-0.9890592694282532,-0.020283762365579605,0.1458946317434311
40000.0,-1.7992181777954102,4.548791408538818,-0.6103046536445618,-0.008434551768004894,-0.9894770979881287,-0.02078486606478691,0.142940491437912
40000.0,-1.7907733917236328,4.5651750564575195,-0.6062260270118713,-0.01092356164008379,-0.990958571434021,-0.014223311096429825,0.13296447694301605
40000.0,-1.7819654941558838,4.580768585205078,-0.6011221408843994,-0.005708902142941952,-0.9904270172119141,-0.015495626255869865,0.13704648613929749
40000.0,-1.7730741500854492,4.596200466156006,-0.596179187297821,-0.0020839141216129065,-0.990182638168335,-0.019208667799830437,0.1384379118680954
40000.0,-1.7643144130706787,4.612024784088135,-0.5919771790504456,-0.006048313342034817,-0.9907694458961487,-0.015457632020115852,0.13453806936740875
40000.0,-1.7555568218231201,4.627599239349365,-0.5871780514717102,-0.00676343496888876,-0.9909684062004089,-0.01610603742301464,0.1329532414674759
40000.0,-1.7465324401855469,4.6421637535095215,-0.5819274187088013,-0.001922147930599749,-0.9902064800262451,-0.01722344197332859,0.13853110373020172
40000.0,-1.7377291917800903,4.657172679901123,-0.5768457055091858,-0.000749817700125277,-0.9901373386383057,-0.017497459426522255,0.13900126516819
40000.0,-1.7288554906845093,4.672117233276367,-0.5721771121025085,-0.0013929321430623531,-0.9901899695396423,-0.01871398277580738,0.13846135139465332
40000.0,-1.7201766967773438,4.686861991882324,-0.5674179792404175,0.00034788905759342015,-0.9903308153152466,-0.021251529455184937,0.13708844780921936
40000.0,-1.7113491296768188,4.701707363128662,-0.5626804232597351,-0.002136209048330784,-0.9903645515441895,-0.018008677288889885,0.13729241490364075
40000.0,-1.7026469707489014,4.716029167175293,-0.557766318321228,-0.0010285392636433244,-0.9903851747512817,-0.02002502791583538,0.13687622547149658
40000.0,-1.6939294338226318,4.731125831604004,-0.5536472797393799,-0.009005114436149597,-0.9912658929824829,-0.014585351571440697,0.13076013326644897
40000.0,-1.6853169202804565,4.745225429534912,-0.5487723350524902,-0.008196965791285038,-0.991287112236023,-0.0131584033370018,0.13080349564552307
40000.0,-1.6763997077941895,4.759450435638428,-0.544084370136261,-0.009838555008172989,-0.9912239909172058,-0.017002252861857414,0.13072547316551208
40000.0,-1.6677616834640503,4.773522853851318,-0.5391103029251099,-0.009932494722306728,-0.9915022850036621,-0.012451592832803726,0.1291111707687378
40000.0,-1.658881664276123,4.786739349365234,-0.5339006781578064,-0.0037441516760736704,-0.9907763004302979,-0.019062621518969536,0.13410814106464386
40000.0,-1.6502293348312378,4.801086902618408,-0.5296404361724854,-0.012699726037681103,-0.9915392994880676,-0.0150428656488657,0.12830573320388794
40000.0,-1.6414507627487183,4.814242839813232,-0.5241586565971375,-0.004945224151015282,-0.9911190271377563,-0.016425542533397675,0.131867453455925
40000.0,-1.632987380027771,4.828169345855713,-0.5194857120513916,-0.009169586934149265,-0.9919492602348328,-0.007784188725054264,0.12606395781040192
40000.0,-1.6241648197174072,4.841432571411133,-0.5147310495376587,-0.010367822833359241,-0.9919474720954895,-0.007638688664883375,0.12599335610866547
40000.0,-1.615053415298462,4.854621410369873,-0.5100511908531189,-0.010619168169796467,-0.9916017651557922,-0.015178842470049858,0.1279953271150589
40000.0,-1.6061623096466064,4.867709159851074,-0.5054427981376648,-0.01150217279791832,-0.9914457201957703,-0.0159355029463768,0.1290319561958313
40000.0,-1.5975850820541382,4.880330562591553,-0.4999282956123352,-0.0047683375887572765,-0.9914027452468872,-0.011998581700026989,0.13020770251750946
40000.0,-1.5891317129135132,4.893337726593018,-0.4947230815887451,-0.0023380329366773367,-0.9915649890899658,-0.010263832286000252,0.12918242812156677
40000.0,-1.5806797742843628,4.906501293182373,-0.4898377060890198,-0.0033634882420301437,-0.9920881986618042,-0.006499425508081913,0.12532947957515717
40000.0,-1.5720700025558472,4.919221878051758,-0.48469674587249756,0.00010344794281991199,-0.9925896525382996,-0.003929858095943928,0.12145122140645981
40000.0,-1.5638492107391357,4.931774139404297,-0.47914502024650574,0.005043147597461939,-0.9930047392845154,-0.0006260084337554872,0.11796464025974274
40000.0,-1.5551055669784546,4.94440221786499,-0.4740777611732483,0.005967512261122465,-0.9931730031967163,0.0003758902021218091,0.11649774760007858
40000.0,-1.5464485883712769,4.956496715545654,-0.46929505467414856,0.0024994697887450457,-0.9930220246315002,0.0024876424577087164,0.11787688732147217
40000.0,-1.5377589464187622,4.96867036819458,-0.4645325541496277,0.0043757096864283085,-0.9931791424751282,0.0013087671250104904,0.11650890111923218
40000.0,-1.529003620147705,4.980812072753906,-0.4594721794128418,0.004145463928580284,-0.9931495189666748,0.0009674557950347662,0.11677294969558716
40000.0,-1.5202924013137817,4.992568492889404,-0.45463407039642334,0.004654605872929096,-0.993141233921051,0.0027126739732921124,0.11679745465517044
40000.0,-1.5115958452224731,5.004279613494873,-0.4496154487133026,0.006121122278273106,-0.9930218458175659,0.002981368452310562,0.11773403733968735
40000.0,-1.5028581619262695,5.01593542098999,-0.4446384608745575,0.006855222396552563,-0.9930427670478821,0.0018243020167574286,0.11754108965396881
40000.0,-1.4942495822906494,5.027514457702637,-0.4396747052669525,0.006871999241411686,-0.9930607080459595,0.0027037886902689934,0.11737057566642761
40000.0,-1.4854093790054321,5.039056301116943,-0.43489155173301697,0.004227671306580305,-0.993166446685791,0.003306704806163907,0.11658389121294022
40000.0,-1.4766114950180054,5.050305366516113,-0.4299469292163849,0.0067807575687766075,-0.9931200742721558,0.0027819147799164057,0.11687110364437103
40000.0,-1.46791672706604,5.061870098114014,-0.42530936002731323,0.0028558396734297276,-0.9935511946678162,0.0019786565098911524,0.11333134770393372
40000.0,-1.4593818187713623,5.072757244110107,-0.42016661167144775,0.005188934039324522,-0.9932242631912231,0.003136448562145233,0.1160549446940422
40000.0,-1.4505780935287476,5.083863258361816,-0.4152907133102417,0.004068710375577211,-0.9933688044548035,0.003386234864592552,0.11484956741333008
40000.0,-1.4417608976364136,5.094602584838867,-0.41021788120269775,0.008053077384829521,-0.9932379722595215,0.002114339964464307,0.11579777300357819
40000.0,-1.4331245422363281,5.105545997619629,-0.4054502248764038,0.006586720701307058,-0.9934161901473999,0.003641140414401889,0.1143139973282814
40000.0,-1.4245625734329224,5.116234302520752,-0.40055757761001587,0.006140717770904303,-0.9933827519416809,0.004165833815932274,0.11461105197668076
40500.0,-1.4157841205596924,5.126697540283203,-0.39549583196640015,0.006580803543329239,-0.9933383464813232,0.0041104694828391075,0.11497286707162857
40500.0,-1.4071242809295654,5.136961460113525,-0.39047959446907043,0.007653879467397928,-0.9931679964065552,0.003182626562193036,0.1163983941078186
40500.0,-1.3984752893447876,5.147429943084717,-0.3856184780597687,0.007709351368248463,-0.9932000637054443,0.003575158305466175,0.11611029505729675
40500.0,-1.389726161956787,5.157787799835205,-0.3806608319282532,0.007080933079123497,-0.9933403134346008,0.002288381103426218,0.11497707664966583
40500.0,-1.3811590671539307,5.167858600616455,-0.3756919205188751,0.006998048629611731,-0.9933478236198425,0.0038021542131900787,0.11487652361392975
40500.0,-1.3725061416625977,5.177967071533203,-0.37090882658958435,0.006813539657741785,-0.9932568073272705,0.0045476951636374,0.11564545333385468
40500.0,-1.3638492822647095,5.187992095947266,-0.3658997714519501,0.007689435500651598,-0.993369996547699,0.0025285310111939907,0.11467592418193817
40500.0,-1.355147123336792,5.197778224945068,-0.36099743843078613,0.007538104895502329,-0.9933539032936096,0.004197684116661549,0.11477614939212799
40500.0,-1.346643328666687,5.207576274871826,-0.3561122715473175,0.007634411565959454,-0.9933632612228394,0.005497348494827747,0.11463391035795212
40500.0,-1.3378946781158447,5.217380046844482,-0.3512382209300995,0.0076165273785591125,-0.9934642910957336,0.00401141494512558,0.11381901055574417
40500.0,-1.3292022943496704,5.226805686950684,-0.3462364673614502,0.008216140791773796,-0.9934120774269104,0.00214328127913177,0.11428174376487732
40500.0,-1.3206111192703247,5.2364583015441895,-0.3413425087928772,0.007393173407763243,-0.9933854937553406,0.0026809670962393284,0.11455747485160828
40500.0,-1.3120189905166626,5.245930194854736,-0.33643049001693726,0.007341044023633003,-0.9935018420219421,0.002972636604681611,0.11354010552167892
40500.0,-1.303493857383728,5.256784439086914,-0.33080950379371643,0.0002625147462822497,-0.9930086731910706,-0.01693316549062729,0.11682070791721344
40500.0,-1.2946897745132446,5.266503810882568,-0.3253980875015259,-0.005251517053693533,-0.9926015138626099,-0.022007059305906296,0.11929185688495636
40500.0,-1.2854465246200562,5.275627136230469,-0.3195914924144745,-0.010135355405509472,-0.991421639919281,-0.027168162167072296,0.12744583189487457
40500.0,-1.2775557041168213,5.284793853759766,-0.3154532313346863,-0.010309281758964062,-0.9923236966133118,-0.02168562449514866,0.12131455540657043
40500.0,-1.2679791450500488,5.293844223022461,-0.309652715921402,-0.015210403129458427,-0.9910973310470581,-0.027763044461607933,0.12932057678699493
40500.0,-1.2602248191833496,5.3027753829956055,-0.3055381774902344,-0.0083249406889081,-0.9924101233482361,-0.023585032671689987,0.12040237337350845
40500.0,-1.2517093420028687,5.311297416687012,-0.30065664649009705,-0.004131501540541649,-0.9924380779266357,-0.020657286047935486,0.1209251806139946
40500.0,-1.2430768013000488,5.3199286460876465,-0.29573148488998413,-0.0035520794335752726,-0.9924924373626709,-0.02026207372546196,0.12056347727775574
40500.0,-1.2339212894439697,5.3293137550354,-0.2894255220890045,0.01969851553440094,-0.993359386920929,-0.018407324329018593,0.11184918880462646
40500.0,-1.225365161895752,5.337888717651367,-0.28466054797172546,0.017232120037078857,-0.9931957125663757,-0.01762137934565544,0.11381934583187103
40500.0,-1.215822458267212,5.34691858291626,-0.2783753275871277,0.0267863217741251,-0.99330735206604,-0.028855569660663605,0.10858401656150818
40500.0,-1.2074519395828247,5.356601238250732,-0.27323752641677856,0.011819759383797646,-0.9930939674377441,-0.037733640521764755,0.11045796424150467
40500.0,-1.1985658407211304,5.36623477935791,-0.26767003536224365,-0.002268696203827858,-0.9929425120353699,-0.01590336300432682,0.11750364303588867
40500.0,-1.1899943351745605,5.374612331390381,-0.2625296711921692,-0.0016776808770373464,-0.9931333065032959,-0.015393164940178394,0.11595973372459412
40500.0,-1.1813340187072754,5.382748603820801,-0.25771674513816833,-0.001281745731830597,-0.9932601451873779,-0.01495814137160778,0.1149299293756485
40500.0,-1.172971248626709,5.390937805175781,-0.2527933418750763,-0.002505822805687785,-0.9930508732795715,-0.01424297597259283,0.1167944073677063
40500.0,-1.1642446517944336,5.398928642272949,-0.2477552741765976,-0.0009222064400091767,-0.9933933615684509,-0.015020797960460186,0.11376800388097763
40500.0,-1.1558096408843994,5.4068732261657715,-0.2427670806646347,-0.0012324081035330892,-0.9931668639183044,-0.014684773050248623,0.11576980352401733
40500.0,-1.147412657737732,5.414732456207275,-0.2379206418991089,-0.0011976099340245128,-0.9932124018669128,-0.015303240157663822,0.1152975857257843
40000.0,-1.1387300491333008,5.422579288482666,-0.23289397358894348,-0.0018221497302874923,-0.9932335019111633,-0.015939032658934593,0.11502103507518768
40000.0,-1.130213975906372,5.430343151092529,-0.22793982923030853,-0.0015340031823143363,-0.9934030175209045,-0.015362408943474293,0.11363177746534348
40000.0,-1.1217464208602905,5.437969207763672,-0.2230910360813141,-0.002311555901542306,-0.9934260845184326,-0.013949464075267315,0.11359855532646179
40000.0,-1.1132287979125977,5.445570468902588,-0.21816541254520416,-0.0023793154396116734,-0.9933698177337646,-0.014096337370574474,0.1140703558921814
40000.0,-1.1046299934387207,5.452998161315918,-0.21327835321426392,-0.0024575539864599705,-0.9935052990913391,-0.015944834798574448,0.11263620108366013
40000.0,-1.0961947441101074,5.460453510284424,-0.20818908512592316,-0.002285373630002141,-0.99345463514328,-0.01472723949700594,0.11325088888406754
40000.0,-1.0877405405044556,5.467824935913086,-0.20318743586540222,-0.0021339443046599627,-0.9934990406036377,-0.014645731076598167,0.11287429928779602
40000.0,-1.0791330337524414,5.475029468536377,-0.19833479821681976,-0.001577041344717145,-0.993668258190155,-0.01534129399806261,0.1112898513674736
40000.0,-1.0706413984298706,5.482234477996826,-0.19340914487838745,-0.0015798213426023722,-0.9937029480934143,-0.015207277610898018,0.11099856346845627
40000.0,-1.0622472763061523,5.489404678344727,-0.18835361301898956,-0.002020440995693207,-0.9935683608055115,-0.01537431962788105,0.11216705292463303
40000.0,-1.0537511110305786,5.496347904205322,-0.1834973692893982,-0.001368965022265911,-0.9937133193016052,-0.01573891006410122,0.11083424091339111
40000.0,-1.0453332662582397,5.503323554992676,-0.1784939020872116,-0.0016432635020464659,-0.993707001209259,-0.014505338855087757,0.11105634272098541
40000.0,-1.0367637872695923,5.510165214538574,-0.17349258065223694,-0.0018991503166034818,-0.9937762022018433,-0.013447842560708523,0.11056403070688248
40000.0,-1.0282347202301025,5.516840934753418,-0.1686505824327469,-0.000962967926170677,-0.9939442276954651,-0.014856044203042984,0.10887249559164047
40000.0,-1.0198173522949219,5.523581504821777,-0.16354778409004211,-0.0016931411810219288,-0.9938429594039917,-0.015568637289106846,0.10968530923128128
40000.0,-1.0113568305969238,5.530231952667236,-0.1585206240415573,-0.0015375070506706834,-0.9939258694648743,-0.01494311261922121,0.10902176052331924
40000.0,-1.003009557723999,5.536736488342285,-0.1535956710577011,-0.001356633147224784,-0.993925929069519,-0.01497102715075016,0.10901948809623718
40000.0,-0.9944929480552673,5.543211460113525,-0.14860670268535614,-0.0016887012170627713,-0.994023859500885,-0.014699816703796387,0.10815569758415222
40000.0,-0.9860585927963257,5.5495405197143555,-0.14367367327213287,-0.0013110267464071512,-0.9941304922103882,-0.014065379276871681,0.10726187378168106
40000.0,-0.9777633547782898,5.555825233459473,-0.13882668316364288,-0.002205989556387067,-0.993927538394928,-0.01330912858247757,0.1092061847448349
40000.0,-0.9691692590713501,5.561979293823242,-0.13381102681159973,-0.00088619499001652,-0.9941570162773132,-0.01431526243686676,0.10698685795068741
40000.0,-0.9608395099639893,5.568063735961914,-0.12885956466197968,-0.0009109085076488554,-0.9940057992935181,-0.014151306822896004,0.10840387642383575
40000.0,-0.9523059129714966,5.57412576675415,-0.12380561232566833,-0.0005782395019195974,-0.994162380695343,-0.014030301943421364,0.10697607696056366
40000.0,-0.9439889788627625,5.580098628997803,-0.11887439340353012,-0.0005218866863287985,-0.9940693974494934,-0.014037092216312885,0.10783644765615463
40000.0,-0.935472846031189,5.58594274520874,-0.11391784250736237,-0.00021503273455891758,-0.9942541718482971,-0.014824824407696724,0.10601305961608887
40000.0,-0.9270874857902527,5.5917134284973145,-0.10893005132675171,-0.00048258996685035527,-0.9942098259925842,-0.014896429143846035,0.10641761124134064
40000.0,-0.9186877012252808,5.597416400909424,-0.10392022132873535,7.149395241867751e-05,-0.9943075776100159,-0.01505467388778925,0.10547883063554764
40000.0,-0.9102861285209656,5.6030707359313965,-0.09894564747810364,-0.0005558261182159185,-0.9942997694015503,-0.01402896549552679,0.10569221526384354
40000.0,-0.9019089937210083,5.608626842498779,-0.09398321062326431,-0.0004043554072268307,-0.9943217039108276,-0.014192734844982624,0.10546430945396423
40000.0,-0.8934953212738037,5.614077568054199,-0.08908788114786148,0.00013614521594718099,-0.9944496154785156,-0.01463308185338974,0.10419142246246338
40000.0,-0.8853159546852112,5.619472980499268,-0.08422244340181351,-0.0002796654007397592,-0.9942941665649414,-0.01367077324539423,0.10579324513673782
40000.0,-0.876794695854187,5.624783039093018,-0.07903365790843964,0.00015279198123607785,-0.9943308234214783,-0.014504906721413136,0.10533665120601654
40000.0,-0.8684019446372986,5.6300578117370605,-0.07403013110160828,0.00015629110566806048,-0.994404673576355,-0.014922665432095528,0.10457850992679596
40000.0,-0.8602187633514404,5.635302543640137,-0.06917738169431686,-0.0011802588123828173,-0.9942904114723206,-0.014467764645814896,0.10571638494729996
40000.0,-0.8516886234283447,5.64036750793457,-0.06409522891044617,-0.001141528133302927,-0.9944750070571899,-0.013857550919055939,0.10404868423938751
40000.0,-0.8434046506881714,5.645369052886963,-0.059198956936597824,-0.0009380647679790854,-0.994472086429596,-0.013294724747538567,0.10415207594633102
40000.0,-0.8351218700408936,5.65032434463501,-0.054317228496074677,-0.000689174048602581,-0.9944097399711609,-0.013720616698265076,0.10469254851341248
40000.0,-0.8265355229377747,5.6551361083984375,-0.04923184961080551,0.000750806531868875,-0.9947142004966736,-0.013508031144738197,0.10178769379854202
40000.0,-0.8182201981544495,5.6599297523498535,-0.04424075409770012,0.001122129033319652,-0.9946786165237427,-0.013562518171966076,0.10212352126836777
40000.0,-0.8099356889724731,5.664700508117676,-0.03921906277537346,0.0008453220943920314,-0.9946511387825012,-0.014278101734817028,0.1022961363196373
40000.0,-0.8015658259391785,5.669354438781738,-0.03420642763376236,0.0012943819165229797,-0.9946774840354919,-0.014924383722245693,0.10194245725870132
40000.0,-0.7933571934700012,5.673953056335449,-0.029310060665011406,0.0009808153845369816,-0.9945245981216431,-0.014991085976362228,0.10341794043779373
40000.0,-0.7850461602210999,5.678511619567871,-0.02431003749370575,0.0008925286820158362,-0.9946249723434448,-0.013797800056636333,0.10261566191911697
40000.0,-0.7766085863113403,5.682899475097656,-0.0193431805819273,0.0010164215927943587,-0.9947136640548706,-0.013323106802999973,0.10181455314159393
40000.0,-0.7682718634605408,5.687212944030762,-0.01442715059965849,0.0006520149181596935,-0.9947119355201721,-0.012861475348472595,0.10189392417669296
40000.0,-0.7600023150444031,5.691455364227295,-0.009412415325641632,0.00023742906341794878,-0.9946243762969971,-0.012881111353635788,0.10274408757686615
40000.0,-0.7516946196556091,5.695561408996582,-0.004369059577584267,0.0010829559760168195,-0.9947541952133179,-0.012479868717491627,0.10152383893728256
40000.0,-0.7434794902801514,5.699378490447998,0.0005667866207659245,-0.002822175854817033,-0.9947158694267273,-0.014197439886629581,0.10164059698581696
40000.0,-0.7351856827735901,5.70314884185791,0.005343828350305557,-0.004033184610307217,-0.9947115778923035,-0.014237107709050179,0.10163640975952148
40000.0,-0.7268973588943481,5.706712245941162,0.010315055027604103,-0.0069618504494428635,-0.9945948719978333,-0.015979966148734093,0.10235864669084549
40000.0,-0.7186765670776367,5.710264205932617,0.015155743807554245,-0.009497190825641155,-0.9945079684257507,-0.016358163207769394,0.10293757915496826
40000.0,-0.7104266881942749,5.713473320007324,0.019908098503947258,-0.013031676411628723,-0.9942654967308044,-0.015629177913069725,0.10498621314764023
40000.0,-0.702345609664917,5.716659069061279,0.024766571819782257,-0.016557011753320694,-0.9939596652984619,-0.013918818905949593,0.10759371519088745
40000.0,-0.6937063336372375,5.71992826461792,0.030259674414992332,-0.010661978274583817,-0.994162917137146,-0.021470950916409492,0.10519251227378845
40000.0,-0.685563325881958,5.722326755523682,0.034813448786735535,-0.01440929900854826,-0.993537962436676,-0.01664610207080841,0.11134446412324905
40000.0,-0.6773205399513245,5.7252960205078125,0.03949423134326935,-0.014308637008070946,-0.9934855699539185,-0.018610471859574318,0.11151432245969772
40000.0,-0.6696039438247681,5.728269577026367,0.04359583929181099,-0.014299682341516018,-0.9941747188568115,-0.016693923622369766,0.10551581531763077
40000.0,-0.6613697409629822,5.730395317077637,0.0479855015873909,-0.00924297608435154,-0.9937631487846375,-0.016335370019078255,0.10992082953453064
40000.0,-0.6536355018615723,5.732772350311279,0.05189613997936249,-0.007023573387414217,-0.9941542744636536,-0.013338066637516022,0.10691171884536743
40000.0,-0.6456249356269836,5.734796047210693,0.0558149479329586,-0.004720375407487154,-0.9945045113563538,-0.011508566327393055,0.1039523109793663
40000.0,-0.6378054618835449,5.736752986907959,0.059499822556972504,-0.0014715269207954407,-0.9948849081993103,-0.008247827179729939,0.1006670817732811
40000.0,-0.6298792362213135,5.738482475280762,0.0630825012922287,0.0014340601628646255,-0.9952142238616943,-0.00611213780939579,0.0975150614976883
40000.0,-0.621894359588623,5.739745140075684,0.0666489526629448,0.006443418562412262,-0.9954667091369629,-0.0022205219138413668,0.09486638754606247
40000.0,-0.6139783263206482,5.7408318519592285,0.07002464681863785,0.011610853485763073,-0.9956830739974976,0.0012850664788857102,0.09208007901906967
40000.0,-0.6064768433570862,5.742552757263184,0.07300417125225067,0.011807491071522236,-0.9957723617553711,-0.0022145952098071575,0.09106616675853729
40000.0,-0.5991672277450562,5.744075298309326,0.07591382414102554,0.012579341419041157,-0.9955668449401855,-0.005780056584626436,0.09303274750709534
40000.0,-0.5916426777839661,5.745203971862793,0.0787719339132309,0.013576092198491096,-0.9954670071601868,-0.00829792395234108,0.09376711398363113
40000.0,-0.5837119817733765,5.745738983154297,0.08175963908433914,0.012399359606206417,-0.9957371354103088,-0.008371122181415558,0.09101513028144836
40000.0,-0.5760760307312012,5.746362209320068,0.08451066166162491,0.012556832283735275,-0.9956639409065247,-0.010280747897922993,0.09159726649522781
40000.0,-0.5681068301200867,5.7464280128479,0.08744632452726364,0.01368392538279295,-0.9955812096595764,-0.010254262946546078,0.0923345610499382
40000.0,-0.5603612065315247,5.746785640716553,0.09009692072868347,0.012426101602613926,-0.9953799247741699,-0.013297110795974731,0.09427399933338165
40000.0,-0.552987277507782,5.747330665588379,0.09249807894229889,0.009656265377998352,-0.9952634572982788,-0.014943690039217472,0.09557308256626129
40000.0,-0.5456870794296265,5.747941970825195,0.0945977121591568,0.004879043437540531,-0.9953182339668274,-0.0163270253688097,0.0951380729675293
40000.0,-0.5383124351501465,5.748118877410889,0.0968395248055458,0.002651303308084607,-0.9952672719955444,-0.016547350212931633,0.09571927785873413
40000.0,-0.5308232307434082,5.748147010803223,0.09901086986064911,0.0002733602887019515,-0.9953448176383972,-0.015869908034801483,0.09506276994943619
40000.0,-0.5232715606689453,5.748002529144287,0.10115986317396164,-0.0006255351472645998,-0.9952274560928345,-0.015898047015070915,0.09627702087163925
40000.0,-0.5155668258666992,5.747541427612305,0.10334588587284088,-0.0003264792903792113,-0.9950650334358215,-0.015508062206208706,0.09800560027360916
40000.0,-0.5079015493392944,5.746976852416992,0.10545795410871506,0.0006245390395633876,-0.9948924779891968,-0.01527478639036417,0.09977591037750244
40000.0,-0.5003097057342529,5.746356010437012,0.10745838284492493,0.001847334555350244,-0.9947713613510132,-0.016981033608317375,0.10068890452384949
40000.0,-0.4928191304206848,5.745724201202393,0.10938114672899246,0.0021888769697397947,-0.9947642087936401,-0.016735300421714783,0.10079319775104523
40000.0,-0.4853014647960663,5.744986534118652,0.11123187839984894,0.0026319813914597034,-0.994830310344696,-0.01718050241470337,0.10005282610654831
40000.0,-0.47764137387275696,5.743955612182617,0.11313939839601517,0.005112813785672188,-0.9946569204330444,-0.018405836075544357,0.10145250707864761
40000.0,-0.47016894817352295,5.7430419921875,0.11487598717212677,0.006471194792538881,-0.9947188496589661,-0.019420934841036797,0.10057555884122849
40000.0,-0.46285492181777954,5.742269515991211,0.11646315455436707,0.004886814393103123,-0.9949885010719299,-0.019472848623991013,0.09795408695936203
40000.0,-0.4555066227912903,5.741276741027832,0.11810234934091568,0.005459305364638567,-0.9951704740524292,-0.01936475560069084,0.09607812017202377
40000.0,-0.44843369722366333,5.740365982055664,0.11963271349668503,0.004119296558201313,-0.9955889582633972,-0.018674340099096298,0.09185363352298737
40000.0,-0.44104087352752686,5.739182949066162,0.12121107429265976,0.0064054266549646854,-0.9957283139228821,-0.01899510808289051,0.09012997895479202
40000.0,-0.43361857533454895,5.737853527069092,0.12280221283435822,0.007432859856635332,-0.9958772659301758,-0.019680852070450783,0.08823782205581665
40000.0,-0.4262325167655945,5.736522197723389,0.12429223209619522,0.00831676833331585,-0.995928168296814,-0.019596289843320847,0.08760102838277817
40000.0,-0.4187685549259186,5.735034465789795,0.1258193403482437,0.009124835953116417,-0.9961313009262085,-0.019252276048064232,0.0852556824684143
40000.0,-0.41133975982666016,5.733458518981934,0.1273333579301834,0.011170199140906334,-0.9960935115814209,-0.019463377073407173,0.08540535718202591
40000.0,-0.4038008451461792,5.731769561767578,0.1288376897573471,0.012285664677619934,-0.9961963891983032,-0.018983179703354836,0.08415180444717407
40000.0,-0.3963684141635895,5.73004674911499,0.13032114505767822,0.013255183584988117,-0.9962419271469116,-0.018940024077892303,0.08347242325544357
40000.0,-0.3886702358722687,5.728039741516113,0.1318843960762024,0.01700391061604023,-0.9960817098617554,-0.019814129918813705,0.08449521660804749
40000.0,-0.38120368123054504,5.726156711578369,0.13334989547729492,0.01619766093790531,-0.9962273836135864,-0.01980038359761238,0.08292501419782639
40000.0,-0.3737688958644867,5.724220275878906,0.13478057086467743,0.016947658732533455,-0.9961748719215393,-0.020744217559695244,0.08317546546459198
40000.0,-0.366128146648407,5.72213077545166,0.13621436059474945,0.017866352573037148,-0.9961036443710327,-0.021959923207759857,0.08352252095937729
40000.0,-0.3586593270301819,5.720077037811279,0.13764047622680664,0.016816850751638412,-0.9962011575698853,-0.022236373275518417,0.08249787986278534
40000.0,-0.3510909080505371,5.717888832092285,0.13906970620155334,0.01760435849428177,-0.9960659146308899,-0.023791834712028503,0.08352689445018768
40000.0,-0.3434089422225952,5.715538501739502,0.14054937660694122,0.018052801489830017,-0.9959332346916199,-0.025809315964579582,0.08441029489040375
40000.0,-0.3360069692134857,5.713346004486084,0.141985684633255,0.016642799600958824,-0.9960446953773499,-0.025754768401384354,0.08339591324329376
40000.0,-0.32842639088630676,5.71098518371582,0.14344680309295654,0.015696920454502106,-0.9960629940032959,-0.026757163926959038,0.08304326981306076
40000.0,-0.32093948125839233,5.708598613739014,0.14491985738277435,0.01445769052952528,-0.9962238073348999,-0.027514168992638588,0.08106806874275208
40000.0,-0.3134685456752777,5.706143856048584,0.1464054137468338,0.013580708764493465,-0.9962703585624695,-0.028054282069206238,0.08046077936887741
40000.0,-0.3059307634830475,5.703723430633545,0.14782457053661346,0.01345676276832819,-0.9964292049407959,-0.027766598388552666,0.07859214395284653
40000.0,-0.2982625961303711,5.7010817527771,0.1493862122297287,0.013977509923279285,-0.9964379072189331,-0.027867240831255913,0.0783550962805748
40000.0,-0.29074740409851074,5.698411464691162,0.15095233917236328,0.015001599676907063,-0.9963945150375366,-0.028179293498396873,0.07860594242811203
40000.0,-0.2830275297164917,5.69570255279541,0.15248700976371765,0.016225289553403854,-0.9963497519493103,-0.028996380046010017,0.07863322645425797
40000.0,-0.2754152715206146,5.692922592163086,0.15409988164901733,0.016779378056526184,-0.9964826703071594,-0.02807270549237728,0.07715297490358353
40000.0,-0.2679273188114166,5.690096378326416,0.15572552382946014,0.017649155110120773,-0.9965047836303711,-0.027945678681135178,0.07671889662742615
40000.0,-0.26014894247055054,5.687252521514893,0.15726512670516968,0.01875164732336998,-0.9964478611946106,-0.028959406539797783,0.07682138681411743
40000.0,-0.2525305449962616,5.684362888336182,0.15889179706573486,0.019181430339813232,-0.9965357780456543,-0.02914644032716751,0.0754924789071083
40000.0,-0.24498291313648224,5.681395053863525,0.16057734191417694,0.01988767832517624,-0.9965460896492004,-0.029968684539198875,0.0748477578163147
40000.0,-0.2373034805059433,5.678444862365723,0.1622055619955063,0.019975267350673676,-0.9966074228286743,-0.03089960478246212,0.07362063229084015
40000.0,-0.22966165840625763,5.67530632019043,0.1639835387468338,0.02016220986843109,-0.996670126914978,-0.031832605600357056,0.07231037318706512
40000.0,-0.22204537689685822,5.672143936157227,0.16576120257377625,0.020862726494669914,-0.9966440200805664,-0.032758716493844986,0.0720580518245697
40000.0,-0.2142927646636963,5.668900012969971,0.1675717681646347,0.02159735932946205,-0.9966191053390503,-0.034184738993644714,0.07152146846055984
40000.0,-0.20662525296211243,5.665705680847168,0.16935566067695618,0.021354755386710167,-0.9966984987258911,-0.03526856750249863,0.06994511187076569
40000.0,-0.19898773729801178,5.662490367889404,0.17112888395786285,0.020925693213939667,-0.9967210292816162,-0.03618462011218071,0.06928331404924393
40000.0,-0.19116291403770447,5.659183502197266,0.17294199764728546,0.020227469503879547,-0.9967825412750244,-0.03694546967744827,0.06819529831409454
40000.0,-0.18344680964946747,5.655773162841797,0.17486946284770966,0.0210518017411232,-0.9967973232269287,-0.037822432816028595,0.06724173575639725
40000.0,-0.17575578391551971,5.652420997619629,0.17673161625862122,0.02032175287604332,-0.9968796372413635,-0.03767619654536247,0.06632125377655029
40000.0,-0.1679268181324005,5.648873805999756,0.17873229086399078,0.021267706528306007,-0.9967809319496155,-0.03880460932850838,0.06685557216405869
40000.0,-0.16014090180397034,5.645392894744873,0.1806880682706833,0.02139633148908615,-0.9967800974845886,-0.03907866030931473,0.06666712462902069
40000.0,-0.15241962671279907,5.641819477081299,0.18274526298046112,0.02225797437131405,-0.9967917799949646,-0.03900405019521713,0.06625259667634964
40000.0,-0.1446322500705719,5.638183116912842,0.18483160436153412,0.02340211160480976,-0.9967150092124939,-0.03949369862675667,0.06672303378582001
40000.0,-0.13676024973392487,5.634585857391357,0.1868685632944107,0.022964049130678177,-0.9967638254165649,-0.03940330445766449,0.06619562208652496
40000.0,-0.12908175587654114,5.630881309509277,0.1890510618686676,0.023663600906729698,-0.9968011379241943,-0.039101384580135345,0.06556427478790283
40000.0,-0.12127505987882614,5.627100944519043,0.1912701427936554,0.02485446073114872,-0.9967111349105835,-0.0395054928958416,0.06624597311019897
40000.0,-0.1134362518787384,5.623289108276367,0.19350403547286987,0.024476638063788414,-0.9967488646507263,-0.039372898638248444,0.06589726358652115
40000.0,-0.10558613389730453,5.619487762451172,0.19574886560440063,0.023974964395165443,-0.996829628944397,-0.03912938013672829,0.06499847024679184
40000.0,-0.09783440828323364,5.615689277648926,0.1980201154947281,0.024917392060160637,-0.9967536926269531,-0.03990733623504639,0.065334253013134
39500.0,-0.09001551568508148,5.611845970153809,0.20030026137828827,0.024563446640968323,-0.9967488646507263,-0.04044368118047714,0.06521253287792206
39500.0,-0.08206526935100555,5.6079487800598145,0.20264825224876404,0.024313094094395638,-0.9967315793037415,-0.04194430634379387,0.0646200180053711
39500.0,-0.07465804368257523,5.60421085357666,0.20518140494823456,0.02956010401248932,-0.9967146515846252,-0.04162114858627319,0.06287949532270432
39500.0,-0.066399946808815,5.599905490875244,0.20757320523262024,0.02498711086809635,-0.9967656135559082,-0.04151682183146477,0.0641123577952385
39500.0,-0.058387547731399536,5.5958967208862305,0.21003130078315735,0.025318913161754608,-0.9967561364173889,-0.04207409545779228,0.06376487761735916
39500.0,-0.050958774983882904,5.592132568359375,0.21268215775489807,0.030976133421063423,-0.9967465400695801,-0.04232100769877434,0.06120381876826286
39500.0,-0.04300633445382118,5.588109493255615,0.21535325050354004,0.03448968753218651,-0.9966768622398376,-0.042929165065288544,0.060024239122867584
39500.0,-0.03492781147360802,5.583987236022949,0.21799688041210175,0.0354427844285965,-0.9967209100723267,-0.043361421674489975,0.058404721319675446
39500.0,-0.026977699249982834,5.579845428466797,0.2207341194152832,0.037747230380773544,-0.996726930141449,-0.04325094819068909,0.05692158639431
39500.0,-0.01903081126511097,5.575619697570801,0.22353683412075043,0.03893505036830902,-0.9967586398124695,-0.04369141906499863,0.05520351976156235
39500.0,-0.011113985441625118,5.571390151977539,0.22636814415454865,0.04136071726679802,-0.9966498017311096,-0.04414685070514679,0.05504145100712776
39500.0,-0.0031103286892175674,5.567168235778809,0.22922192513942719,0.043213605880737305,-0.996636688709259,-0.04425780847668648,0.0537508986890316
39500.0,0.004767171107232571,5.562849521636963,0.2321731597185135,0.04453640803694725,-0.9966503977775574,-0.04437759518623352,0.052298471331596375
39500.0,0.012750081717967987,5.558509349822998,0.2351318895816803,0.046468861401081085,-0.9965457320213318,-0.04468176141381264,0.05235408619046211
39500.0,0.020734913647174835,5.55416202545166,0.238104447722435,0.04778475686907768,-0.9964793920516968,-0.04488488659262657,0.052256762981414795
39500.0,0.028656665235757828,5.549675464630127,0.24121615290641785,0.04801485687494278,-0.9965035319328308,-0.045220207422971725,0.05128703638911247
39500.0,0.036701470613479614,5.545183181762695,0.24432919919490814,0.04826144874095917,-0.9965184330940247,-0.0453292578458786,0.050666119903326035
39500.0,0.04465272277593613,5.5406389236450195,0.2474663257598877,0.04800250753760338,-0.9964979887008667,-0.045569173991680145,0.05109713599085808
39500.0,0.05264313519001007,5.5360565185546875,0.2506491541862488,0.046546049416065216,-0.9965797662734985,-0.045715246349573135,0.05072011053562164
39500.0,0.060609884560108185,5.53146505355835,0.2538631856441498,0.04571349546313286,-0.9966419339179993,-0.045550018548965454,0.05040200427174568
39500.0,0.06870216876268387,5.526870250701904,0.2570917308330536,0.04525891691446304,-0.9966306686401367,-0.0458090603351593,0.05079880729317665
39500.0,0.07664971053600311,5.522193431854248,0.26042935252189636,0.04461360350251198,-0.9966389536857605,-0.04639706760644913,0.05067268759012222
39500.0,0.08461372554302216,5.517509460449219,0.26379647850990295,0.044334568083286285,-0.9966224431991577,-0.047054141759872437,0.050636760890483856
39500.0,0.09261076897382736,5.512734413146973,0.26725223660469055,0.043641261756420135,-0.9966456890106201,-0.0471973679959774,0.0506475456058979
39500.0,0.10062673687934875,5.508039951324463,0.27066725492477417,0.04280905798077583,-0.9966966509819031,-0.047310780733823776,0.05024757981300354
39500.0,0.1085752546787262,5.503273963928223,0.2741931080818176,0.04252872243523598,-0.9966658353805542,-0.04841284826397896,0.0500468909740448
39500.0,0.11657414585351944,5.4985151290893555,0.27775609493255615,0.043350011110305786,-0.9966163635253906,-0.04904528707265854,0.049710310995578766
39500.0,0.12458536028862,5.4936628341674805,0.28138798475265503,0.042728204280138016,-0.9966906905174255,-0.04886920750141144,0.04892658814787865
39500.0,0.1324947327375412,5.488813400268555,0.28505322337150574,0.04256676509976387,-0.9966697096824646,-0.049798667430877686,0.048555463552474976
39500.0,0.14052313566207886,5.4839982986450195,0.2887396514415741,0.0428253673017025,-0.9966354370117188,-0.05116327479481697,0.047603048384189606
39500.0,0.14847086369991302,5.479090690612793,0.29252657294273376,0.04342683404684067,-0.9966491460800171,-0.051084332168102264,0.0468502901494503
39500.0,0.1564519852399826,5.474171161651611,0.29632648825645447,0.04331023246049881,-0.9966208338737488,-0.052173126488924026,0.046358317136764526
39500.0,0.16437236964702606,5.469277858734131,0.3001386225223541,0.04380207881331444,-0.9965658783912659,-0.053143978118896484,0.045973122119903564
39500.0,0.17228025197982788,5.464236259460449,0.30411791801452637,0.04371534287929535,-0.9966081976890564,-0.05340499430894852,0.04482179507613182
39500.0,0.18022184073925018,5.459225654602051,0.3081170320510864,0.04529191553592682,-0.996489942073822,-0.05452034994959831,0.044540878385305405
39500.0,0.18814535439014435,5.454054832458496,0.31227558851242065,0.045695532113313675,-0.9965116381645203,-0.054590415209531784,0.04354756325483322
39500.0,0.1960144340991974,5.44891881942749,0.3164226710796356,0.046149108558893204,-0.9964547157287598,-0.05543471872806549,0.043303582817316055
39500.0,0.2039700150489807,5.443635940551758,0.32072725892066956,0.046397995203733444,-0.9964678287506104,-0.05550173670053482,0.04264506325125694
39500.0,0.21173882484436035,5.438461780548096,0.32497438788414,0.048029519617557526,-0.9963657855987549,-0.05604395642876625,0.04251357167959213
39500.0,0.21968916058540344,5.433091163635254,0.32940199971199036,0.04796841740608215,-0.9963922500610352,-0.05618918687105179,0.0417669378221035
39500.0,0.22752022743225098,5.427809238433838,0.33379483222961426,0.04833105951547623,-0.9963836073875427,-0.05652030557394028,0.041101425886154175
39500.0,0.23539012670516968,5.422473907470703,0.338271826505661,0.049039874225854874,-0.9963621497154236,-0.056485943496227264,0.04082733020186424
39500.0,0.24321752786636353,5.417026042938232,0.3428493142127991,0.0480693094432354,-0.9964026212692261,-0.057022158056497574,0.040244344621896744
39500.0,0.2510383725166321,5.4117302894592285,0.34735217690467834,0.04961258918046951,-0.9963082671165466,-0.057095278054475784,0.040602270513772964
39500.0,0.2588061988353729,5.406309127807617,0.35198792815208435,0.04914261773228645,-0.9963832497596741,-0.05693722888827324,0.03954280540347099
39500.0,0.2666354775428772,5.40079402923584,0.35674506425857544,0.04870758205652237,-0.9963948726654053,-0.05735909193754196,0.03917593136429787
39500.0,0.2743430435657501,5.395416259765625,0.36142536997795105,0.04963959753513336,-0.9963333606719971,-0.0577058382332325,0.03906136006116867
39500.0,0.28214022517204285,5.390017986297607,0.36616089940071106,0.050027452409267426,-0.9963595271110535,-0.057262174785137177,0.03854848071932793
39500.0,0.28980183601379395,5.384500503540039,0.37101057171821594,0.04929370433092117,-0.9963957071304321,-0.05727316811680794,0.03854281082749367
39500.0,0.2975625693798065,5.3789825439453125,0.375914990901947,0.048952218145132065,-0.9964087605476379,-0.05778484791517258,0.03787045180797577
39500.0,0.3053183853626251,5.373514175415039,0.3807707130908966,0.048276230692863464,-0.9963577389717102,-0.0588558092713356,0.038428448140621185
39500.0,0.3130439817905426,5.3679633140563965,0.3857637047767639,0.04808459058403969,-0.9963365793228149,-0.05935876443982124,0.03844274580478668
39500.0,0.3205038905143738,5.362370491027832,0.3908297121524811,0.047019168734550476,-0.9964313507080078,-0.05959707871079445,0.036905936896800995
39500.0,0.327982097864151,5.356848239898682,0.39589208364486694,0.04691219702363014,-0.9964407682418823,-0.06033852696418762,0.035558074712753296
39500.0,0.33562567830085754,5.351390361785889,0.4009218215942383,0.04696965217590332,-0.9964292049407959,-0.06084136664867401,0.03494368866086006
39500.0,0.3433322310447693,5.345832824707031,0.4060543477535248,0.04740161448717117,-0.9963527917861938,-0.06110107898712158,0.03606772422790527
39500.0,0.35097628831863403,5.340324401855469,0.41121694445610046,0.048056576400995255,-0.9963557124137878,-0.06105165183544159,0.035192448645830154
39500.0,0.35838598012924194,5.334695339202881,0.4165039658546448,0.04793306440114975,-0.9964187741279602,-0.060528382658958435,0.03447243198752403
39500.0,0.36593228578567505,5.329147815704346,0.4217560291290283,0.04814346879720688,-0.9964466691017151,-0.06012887880206108,0.03406952694058418
39500.0,0.37341445684432983,5.323642730712891,0.4270181953907013,0.04864882677793503,-0.9963707327842712,-0.06124238669872284,0.033585548400878906
39500.0,0.3808300793170929,5.318315029144287,0.4321259558200836,0.049655042588710785,-0.9962344169616699,-0.06251110881567001,0.03382148593664169
39500.0,0.3882218301296234,5.31262731552124,0.4376565217971802,0.05083244666457176,-0.9962299466133118,-0.06197715923190117,0.03318136930465698
39500.0,0.3957092761993408,5.307011604309082,0.44311997294425964,0.050769634544849396,-0.9962742328643799,-0.06167421489953995,0.03250296041369438
39500.0,0.4030645787715912,5.301399230957031,0.4486025273799896,0.05029093474149704,-0.9962801337242126,-0.06202860176563263,0.032391831278800964
39500.0,0.41047435998916626,5.295862674713135,0.4540979564189911,0.05102565512061119,-0.9962700605392456,-0.06203030049800873,0.031537093222141266
39500.0,0.41780051589012146,5.290269374847412,0.4596370458602905,0.050534822046756744,-0.996314525604248,-0.06192173808813095,0.0311362836509943
39500.0,0.4251115024089813,5.284687042236328,0.46519091725349426,0.04986290633678436,-0.996334969997406,-0.06211844086647034,0.031174279749393463
39500.0,0.43237030506134033,5.279170989990234,0.470745712518692,0.050254348665475845,-0.9963437914848328,-0.061834316700696945,0.030823061242699623
39500.0,0.4396602511405945,5.273594856262207,0.47637900710105896,0.05003827065229416,-0.9963624477386475,-0.0618383064866066,0.03056340105831623
39500.0,0.4468321204185486,5.2680253982543945,0.48203444480895996,0.04973341152071953,-0.9963701963424683,-0.06215254217386246,0.030167795717716217
39500.0,0.45409059524536133,5.2624945640563965,0.48768675327301025,0.04953191056847572,-0.9963924288749695,-0.06212834641337395,0.029812585562467575
39500.0,0.4612446427345276,5.256909370422363,0.4934232532978058,0.04991611838340759,-0.996357262134552,-0.06201787292957306,0.030567284673452377
39500.0,0.46839529275894165,5.25130558013916,0.49924319982528687,0.0495271198451519,-0.9963864684104919,-0.06237964332103729,0.02949363924562931
39500.0,0.4755377769470215,5.245752811431885,0.505048394203186,0.04937908798456192,-0.9964141249656677,-0.06257088482379913,0.02838142029941082
39500.0,0.4827233552932739,5.240234375,0.51091068983078,0.05061110481619835,-0.9963937401771545,-0.062413886189460754,0.02724979817867279
39500.0,0.4898139238357544,5.234665393829346,0.516815721988678,0.05084990710020065,-0.9964066743850708,-0.062252406030893326,0.026695650070905685
39500.0,0.49669307470321655,5.229121208190918,0.5226988196372986,0.051760438829660416,-0.9963253140449524,-0.06234917789697647,0.027735888957977295
40000.0,0.5035955905914307,5.223546504974365,0.5286388993263245,0.05123167484998703,-0.9963170886039734,-0.06289418041706085,0.027783390134572983
40000.0,0.5104092359542847,5.217959880828857,0.5346160531044006,0.05075973644852638,-0.9963211417198181,-0.06306386739015579,0.028116488829255104
40000.0,0.5172426700592041,5.212451934814453,0.5405048727989197,0.049202993512153625,-0.9964348673820496,-0.06265415996313095,0.027767762541770935
40000.0,0.5243402719497681,5.206932544708252,0.5466164946556091,0.05060156062245369,-0.9964009523391724,-0.06236417591571808,0.027117440477013588
40000.0,0.5312066078186035,5.201432704925537,0.5526536703109741,0.050529081374406815,-0.996444582939148,-0.061950381845235825,0.026592673733830452
40000.0,0.5380192399024963,5.195886611938477,0.5587477684020996,0.050346773117780685,-0.996469259262085,-0.06152231618762016,0.02700423263013363
40000.0,0.5449272394180298,5.190384864807129,0.5648623704910278,0.04982023686170578,-0.9965123534202576,-0.06134766340255737,0.0267869271337986
40000.0,0.5516690611839294,5.184856414794922,0.5710286498069763,0.0496523417532444,-0.9965593218803406,-0.06077868863940239,0.02664906531572342
40000.0,0.5584518313407898,5.179376602172852,0.5771895051002502,0.04906751587986946,-0.9966180324554443,-0.06047306954860687,0.02622770331799984
40000.0,0.5651195049285889,5.173910617828369,0.5833643078804016,0.04891395568847656,-0.9966551065444946,-0.05999915674328804,0.026194235309958458
40000.0,0.5717933773994446,5.1684489250183105,0.589580237865448,0.04815397411584854,-0.9967292547225952,-0.05969574674963951,0.025467902421951294
40000.0,0.5783882141113281,5.162990093231201,0.59583979845047,0.048522964119911194,-0.9967369437217712,-0.0592937096953392,0.025400519371032715
40000.0,0.584994375705719,5.157542705535889,0.6021435856819153,0.04886889457702637,-0.996752142906189,-0.05893702805042267,0.024968495592474937
40000.0,0.8286576271057129,5.093007564544678,1.0647400617599487,0.00026533487834967673,-0.9998615384101868,0.006175151560455561,0.015450000762939453
40000.0,0.8336270451545715,5.085516452789307,1.069053292274475,0.0013844165951013565,-0.9998565912246704,0.003666171571239829,0.016476213932037354
40000.0,0.838782787322998,5.078689098358154,1.073451042175293,0.0010172873735427856,-0.9998602271080017,-0.0051378533244132996,0.01587822660803795
40000.0,0.8441922664642334,5.07126522064209,1.0784544944763184,0.005341594573110342,-0.9997380375862122,-0.01178437564522028,0.018884046003222466
40000.0,0.8491775989532471,5.063689708709717,1.0826061964035034,0.005224860738962889,-0.9997556209564209,-0.012416433542966843,0.017530353739857674
40000.0,0.8542931079864502,5.056170463562012,1.0868651866912842,0.00543970288708806,-0.9997884631156921,-0.010567604564130306,0.016786176711320877
40000.0,0.8594040274620056,5.048415184020996,1.0911599397659302,0.006035454571247101,-0.9997588992118835,-0.010353200137615204,0.018401168286800385
40000.0,0.8642347455024719,5.040804386138916,1.0951610803604126,0.005330010782927275,-0.9997992515563965,-0.010472896508872509,0.01623157039284706
40000.0,0.8692445755004883,5.033232688903809,1.0992079973220825,0.0034960759803652763,-0.9998300671577454,-0.010940469801425934,0.014421087689697742
40000.0,0.8743066191673279,5.02561616897583,1.1034077405929565,0.002605156507343054,-0.9998255372047424,-0.012187362648546696,0.013913528993725777
40000.0,0.8792519569396973,5.017673015594482,1.107765793800354,0.005616848357021809,-0.9998002052307129,-0.012472367845475674,0.014576948247849941
40000.0,0.8841286897659302,5.010127067565918,1.1117497682571411,0.002478761365637183,-0.9998490810394287,-0.012065977789461613,0.012256531044840813
40000.0,0.8890987634658813,5.002345561981201,1.1158740520477295,0.0017897702055051923,-0.999843180179596,-0.012822081334888935,0.012091519311070442
40000.0,0.8939932584762573,4.994390964508057,1.1201632022857666,0.0036751239094883204,-0.9998548030853271,-0.011201383545994759,0.012305758893489838
40000.0,0.8988847732543945,4.986415863037109,1.1243270635604858,0.004114303272217512,-0.9998729228973389,-0.0099249966442585,0.011783154681324959
40000.0,0.9037182927131653,4.978323459625244,1.128390908241272,0.0032521886751055717,-0.9998739957809448,-0.010588443838059902,0.011380716226994991
40500.0,0.9086026549339294,4.9702277183532715,1.132524847984314,0.0033369699958711863,-0.9998806118965149,-0.010126620531082153,0.011182727292180061
40500.0,0.9133963584899902,4.962036609649658,1.136594295501709,0.00329701229929924,-0.9999017119407654,-0.009533914737403393,0.009744067676365376
40500.0,0.9182451367378235,4.953673839569092,1.140710473060608,0.002539190696552396,-0.9999043345451355,-0.009832309558987617,0.009392389096319675
40500.0,0.9230670928955078,4.945322036743164,1.1448767185211182,0.0023749631363898516,-0.9998918771743774,-0.011184511706233025,0.00924641452729702
40500.0,0.9278228282928467,4.936849117279053,1.1490535736083984,0.003632939886301756,-0.9998911619186401,-0.010860825888812542,0.009303736500442028
40500.0,0.9326024651527405,4.928366184234619,1.1532031297683716,0.003462942084297538,-0.9998915195465088,-0.010408855974674225,0.009831692092120647
40500.0,0.9373229146003723,4.919895172119141,1.1571342945098877,0.0027449107728898525,-0.9999016523361206,-0.010716989636421204,0.00863158144056797
40500.0,0.9420711994171143,4.911370277404785,1.161202311515808,0.003096800995990634,-0.9999096989631653,-0.010476527735590935,0.007825789973139763
40500.0,0.9467793703079224,4.902865886688232,1.1653687953948975,0.003914009314030409,-0.9999033212661743,-0.011044305749237537,0.0075002373196184635
40500.0,0.9515073299407959,4.894197940826416,1.1693756580352783,0.0030651437118649483,-0.999904453754425,-0.011537201702594757,0.006966860964894295
40500.0,0.9562147259712219,4.885462760925293,1.1735209226608276,0.0035025463439524174,-0.9999008178710938,-0.01139364019036293,0.007498213090002537
40500.0,0.9608111381530762,4.877052307128906,1.1774431467056274,0.0009762675035744905,-0.9999260902404785,-0.010846077464520931,0.005410884507000446
40500.0,0.9653908014297485,4.868490219116211,1.1814308166503906,0.00023177987895905972,-0.999927818775177,-0.011214429512619972,0.004299892112612724
40500.0,0.9700579643249512,4.859697341918945,1.1854861974716187,0.0003922831092495471,-0.9999194741249084,-0.011848658323287964,0.004525150638073683
40500.0,0.9746301770210266,4.85102653503418,1.1895650625228882,0.000906545901671052,-0.9999152421951294,-0.012186187319457531,0.004488663282245398
40500.0,0.9792324900627136,4.842301845550537,1.1935960054397583,0.0010317839914932847,-0.9999209046363831,-0.011702567338943481,0.0044843778014183044
40500.0,0.9837446212768555,4.833630561828613,1.197561264038086,0.001480480539612472,-0.99992835521698,-0.011215622536838055,0.003908786457031965
40500.0,0.9882959127426147,4.8248677253723145,1.2015565633773804,0.002549658762291074,-0.9999322891235352,-0.01076987199485302,0.00360288773663342
40500.0,0.992841899394989,4.816104412078857,1.20560884475708,0.002854129998013377,-0.9999287724494934,-0.010968244634568691,0.0037477677688002586
40500.0,0.9973510503768921,4.807323455810547,1.2095767259597778,0.0011381182121112943,-0.9999342560768127,-0.010820435360074043,0.0036394717171788216
40500.0,1.001769781112671,4.7985687255859375,1.2134568691253662,0.0025286839809268713,-0.9999386668205261,-0.010651510208845139,0.001740264822728932
40500.0,1.0062942504882812,4.789611339569092,1.2175594568252563,0.0022146308328956366,-0.9999269843101501,-0.011611208319664001,0.0025237577501684427
40500.0,1.0107004642486572,4.780853748321533,1.2215068340301514,0.0011339172488078475,-0.9999212622642517,-0.01233994122594595,0.0019809752702713013
40500.0,1.015155553817749,4.772069931030273,1.225455641746521,0.0021946183405816555,-0.9999464750289917,-0.01005636341869831,0.001050989842042327
40500.0,1.0194562673568726,4.76326322555542,1.2290842533111572,-0.00021047548216301948,-0.9999520778656006,-0.009696060791611671,-0.0013630902394652367
40500.0,1.0238616466522217,4.754384517669678,1.2332144975662231,0.0006250119186006486,-0.999947190284729,-0.010260500013828278,-0.00021537406428251415
40500.0,1.0283050537109375,4.745291233062744,1.2373243570327759,0.004815682303160429,-0.9999362826347351,-0.01020183227956295,0.0004432306159287691
40500.0,1.0326893329620361,4.73638391494751,1.2413020133972168,0.0033844662830233574,-0.9999093413352966,-0.012979095801711082,0.001222096267156303
40500.0,1.0369117259979248,4.727544784545898,1.2450895309448242,0.003184389555826783,-0.9999274611473083,-0.011545704677700996,-0.001328407321125269
40500.0,1.041295051574707,4.718616008758545,1.2491203546524048,0.003331430722028017,-0.9999140501022339,-0.012664739042520523,-0.0005981957074254751
40500.0,1.0455076694488525,4.709722518920898,1.2528716325759888,0.0019038730533793569,-0.9999217987060547,-0.012267891317605972,-0.001488012378104031
40500.0,1.0497337579727173,4.700863838195801,1.2566043138504028,0.0016421900363638997,-0.9999285340309143,-0.011463640257716179,-0.0029638074338436127
40500.0,1.0540210008621216,4.691895961761475,1.2605466842651367,0.0009942338801920414,-0.9999104738235474,-0.013010615482926369,-0.0029772936832159758
40500.0,1.0583065748214722,4.682692050933838,1.2645740509033203,0.004175929818302393,-0.9999221563339233,-0.011534197255969048,-0.002314280718564987
40500.0,1.06292724609375,4.673325061798096,1.268755555152893,0.006366820074617863,-0.9998561143875122,-0.015189564786851406,0.004064562730491161
40500.0,1.0671672821044922,4.664237022399902,1.2725633382797241,0.005475266370922327,-0.999883234500885,-0.01344177033752203,0.0047987462021410465
40500.0,1.0708997249603271,4.655351161956787,1.2761685848236084,0.0032662469893693924,-0.9999417066574097,-0.010290314443409443,0.00034289181348867714
40500.0,1.0752320289611816,4.646227836608887,1.2802269458770752,0.006452044937759638,-0.9998765587806702,-0.014083956368267536,0.002650986658409238
40500.0,1.079144835472107,4.637310981750488,1.2839524745941162,0.00503906887024641,-0.9999123811721802,-0.012170071713626385,-0.0013224396388977766
41000.0,1.0831619501113892,4.628438472747803,1.2877165079116821,0.0030867576133459806,-0.9998988509178162,-0.013397363014519215,-0.0036573417019098997
41000.0,1.0872400999069214,4.619463920593262,1.291471242904663,0.0020123193971812725,-0.9999203085899353,-0.011583869345486164,-0.004593961406499147
41000.0,1.0913218259811401,4.610438823699951,1.295324444770813,0.00178832549136132,-0.9999067187309265,-0.012717952020466328,-0.004645642824470997
41000.0,1.095374345779419,4.601190567016602,1.2991929054260254,0.002630718518048525,-0.9999019503593445,-0.012924260459840298,-0.004703588783740997
41000.0,1.0993397235870361,4.592196941375732,1.302943468093872,0.001818730728700757,-0.9998860955238342,-0.013956929557025433,-0.005460815038532019
41000.0,1.103377103805542,4.583110809326172,1.306877613067627,0.002651338465511799,-0.9999085068702698,-0.012322424910962582,-0.004918799269944429
41000.0,1.1073261499404907,4.573838233947754,1.3106955289840698,0.003606220008805394,-0.999887228012085,-0.013732015155255795,-0.004895830061286688
41000.0,1.1114071607589722,4.564558982849121,1.3147196769714355,0.004938678350299597,-0.9998700618743896,-0.0148312421515584,-0.003944069612771273
41000.0,1.1152167320251465,4.555701732635498,1.3183013200759888,0.002096643904224038,-0.9998819231987,-0.013647522777318954,-0.00675119599327445
41000.0,1.1190884113311768,4.546506881713867,1.3220505714416504,0.001645860611461103,-0.9998871684074402,-0.012780311517417431,-0.007722523529082537
41000.0,1.1229791641235352,4.537406921386719,1.325817584991455,0.003287967061623931,-0.9998680353164673,-0.013326851651072502,-0.008696658536791801
41000.0,1.1267603635787964,4.5282979011535645,1.3295869827270508,0.0030350959859788418,-0.9998731017112732,-0.012364060617983341,-0.009577834978699684
41000.0,1.130552887916565,4.519158363342285,1.3334213495254517,0.003648806130513549,-0.9998738765716553,-0.011394052766263485,-0.010454636067152023
41000.0,1.1344019174575806,4.5100998878479,1.3371789455413818,0.002955881878733635,-0.9998708963394165,-0.011391830630600452,-0.01094154641032219
41000.0,1.1381571292877197,4.500677585601807,1.3410497903823853,0.004301036708056927,-0.9998704791069031,-0.011055568233132362,-0.010877891443669796
41000.0,1.141939401626587,4.491694450378418,1.3447768688201904,0.004183523822575808,-0.9998543858528137,-0.011941374279558659,-0.01145725604146719
41000.0,1.1456360816955566,4.482393741607666,1.3483757972717285,0.0035800158511847258,-0.9998782873153687,-0.009281362406909466,-0.012018329463899136
41000.0,1.1494369506835938,4.473233222961426,1.3523119688034058,0.006281994748860598,-0.9998797178268433,-0.009587869048118591,-0.01045113243162632
41000.0,1.153159260749817,4.463982105255127,1.3560268878936768,0.0047349510714411736,-0.9998833537101746,-0.01017475314438343,-0.010362055152654648
41000.0,1.157039761543274,4.454726219177246,1.3598464727401733,0.007592886220663786,-0.9998829364776611,-0.0104941725730896,-0.008149572648108006
41000.0,1.1603487730026245,4.4458842277526855,1.3632760047912598,0.004597199149429798,-0.9998655915260315,-0.009345735423266888,-0.012663589790463448
41000.0,1.1641682386398315,4.436563491821289,1.3671468496322632,0.007696964778006077,-0.9998565912246704,-0.010914524085819721,-0.010420714505016804
41000.0,1.167486548423767,4.427846908569336,1.3704270124435425,0.0026177128311246634,-0.9998124241828918,-0.009834281168878078,-0.016481781378388405
41000.0,1.1711575984954834,4.418468952178955,1.3744139671325684,0.006039639003574848,-0.9998342990875244,-0.009901521727442741,-0.014032327570021152
41000.0,1.1746244430541992,4.409566879272461,1.3776707649230957,0.00221710535697639,-0.9998006224632263,-0.009137850254774094,-0.01761689782142639
41000.0,1.1781834363937378,4.400252819061279,1.381686806678772,0.00530093302950263,-0.999803364276886,-0.010795925743877888,-0.015772147104144096
41000.0,1.181680679321289,4.391234397888184,1.385059118270874,0.003781556384637952,-0.9997713565826416,-0.010399936698377132,-0.01829797588288784
41000.0,1.185142159461975,4.381916522979736,1.3887717723846436,0.0038405500818043947,-0.9997841119766235,-0.010218010284006596,-0.017679734155535698
41000.0,1.188624620437622,4.372896671295166,1.3924587965011597,0.004063352011144161,-0.9997649192810059,-0.011063806712627411,-0.018197886645793915
41000.0,1.1919947862625122,4.36364221572876,1.395888090133667,0.002880328567698598,-0.9997429251670837,-0.010822533629834652,-0.019715242087841034
41000.0,1.1955418586730957,4.354576587677002,1.3996864557266235,0.003624355187639594,-0.9997533559799194,-0.010006332769989967,-0.01949732005596161
41000.0,1.198857307434082,4.345613956451416,1.4030325412750244,0.0010673622600734234,-0.9996955394744873,-0.01105470024049282,-0.02203504368662834
41000.0,1.2022292613983154,4.336434841156006,1.4066520929336548,0.0027410087641328573,-0.9996621608734131,-0.012535708025097847,-0.022602684795856476
41000.0,1.2057057619094849,4.327221870422363,1.4103481769561768,0.002772033214569092,-0.999687135219574,-0.011009927839040756,-0.022285491228103638
41000.0,1.2090030908584595,4.3180084228515625,1.4138764142990112,0.003039893228560686,-0.9996801614761353,-0.012202833779156208,-0.0219427440315485
41000.0,1.21232271194458,4.309133529663086,1.4173424243927002,0.004660190083086491,-0.9996119737625122,-0.012567393481731415,-0.024418512359261513
41000.0,1.2156562805175781,4.2998456954956055,1.4210474491119385,0.006080965045839548,-0.9996428489685059,-0.011401627212762833,-0.023393362760543823
41000.0,1.2189611196517944,4.290809154510498,1.4244580268859863,0.004553862847387791,-0.9995793104171753,-0.01335214264690876,-0.025342147797346115
41000.0,1.222062349319458,4.281681060791016,1.427412986755371,-0.0042457133531570435,-0.9995074272155762,-0.013410796411335468,-0.028057560324668884
41000.0,1.2255858182907104,4.271857738494873,1.4316394329071045,-0.002891396638005972,-0.9994661808013916,-0.022185232490301132,-0.023807231336832047
41000.0,1.2288492918014526,4.262086868286133,1.4350972175598145,-0.0087825246155262,-0.9991913437843323,-0.03089948743581772,-0.024180427193641663
41000.0,1.231959581375122,4.252767086029053,1.438437581062317,-0.013089663349092007,-0.9990408420562744,-0.03281315416097641,-0.025874445214867592
41000.0,1.2353218793869019,4.2435526847839355,1.4418952465057373,-0.011967153288424015,-0.9988993406295776,-0.03714575245976448,-0.02602258138358593
41000.0,1.2386435270309448,4.23446798324585,1.4453656673431396,-0.013300543650984764,-0.9989149570465088,-0.03626835346221924,-0.026012038812041283
41000.0,1.2418866157531738,4.225536823272705,1.4488728046417236,-0.012789149768650532,-0.9989534616470337,-0.03505446016788483,-0.02645004354417324
41000.0,1.2450182437896729,4.216429233551025,1.4523580074310303,-0.010054605081677437,-0.9988290071487427,-0.03724216669797897,-0.029199544340372086
41000.0,1.248141884803772,4.207341194152832,1.4558640718460083,-0.00880490243434906,-0.9988157153129578,-0.03752034902572632,-0.029696078971028328
41000.0,1.251295804977417,4.198378086090088,1.459311604499817,-0.008845738135278225,-0.9987785816192627,-0.037281669676303864,-0.031195804476737976
41000.0,1.2544986009597778,4.189202308654785,1.4627083539962769,-0.006826004013419151,-0.998714804649353,-0.038862958550453186,-0.03181084990501404
41000.0,1.2576650381088257,4.18011999130249,1.466023564338684,-0.008101086132228374,-0.998752772808075,-0.038397107273340225,-0.03087024576961994
41000.0,1.2607967853546143,4.171258926391602,1.46947181224823,-0.007245435379445553,-0.9986878037452698,-0.03885086253285408,-0.03257041051983833
41000.0,1.2638286352157593,4.162347316741943,1.4728187322616577,-0.006514906883239746,-0.9986732602119446,-0.03823486715555191,-0.03387228772044182
40500.0,1.2669631242752075,4.153266906738281,1.4762651920318604,-0.00903767067939043,-0.9987335801124573,-0.03604065626859665,-0.03392094001173973
40500.0,1.2700989246368408,4.144302845001221,1.4796932935714722,-0.008807220496237278,-0.9986883997917175,-0.03606192767620087,-0.035263124853372574
40500.0,1.273133635520935,4.135225296020508,1.4830973148345947,-0.005898632574826479,-0.9985722899436951,-0.038340210914611816,-0.03672536835074425
40500.0,1.276124358177185,4.126375198364258,1.4864997863769531,-0.008024207316339016,-0.9985904097557068,-0.03681532293558121,-0.03738229349255562
40500.0,1.2791171073913574,4.117586612701416,1.489862322807312,-0.009358848445117474,-0.9985740780830383,-0.035474907606840134,-0.0387791283428669
40500.0,1.2821218967437744,4.108679294586182,1.493186593055725,-0.010149349458515644,-0.998519778251648,-0.0353064090013504,-0.04010847583413124
40500.0,1.285172939300537,4.099712371826172,1.4966239929199219,-0.013890937902033329,-0.9985097646713257,-0.03308829665184021,-0.04111707955598831
40500.0,1.28825044631958,4.090609073638916,1.5000437498092651,-0.013063101097941399,-0.9984958171844482,-0.033346641808748245,-0.041514333337545395
40500.0,1.2912991046905518,4.081346035003662,1.5033625364303589,-0.011391452513635159,-0.9984317421913147,-0.03511875495314598,-0.04208247363567352
40500.0,1.2943395376205444,4.072437763214111,1.5066860914230347,-0.013285234570503235,-0.998406171798706,-0.03483441472053528,-0.042370397597551346
40500.0,1.2974635362625122,4.06311559677124,1.509928822517395,-0.012363884598016739,-0.9984752535820007,-0.03317606821656227,-0.042351558804512024
40500.0,1.300453543663025,4.0542168617248535,1.5133042335510254,-0.011695935390889645,-0.9985551834106445,-0.029047882184386253,-0.0436689592897892
40500.0,1.3031078577041626,4.045320987701416,1.5165101289749146,-0.01298552192747593,-0.9983808398246765,-0.03030126541852951,-0.04635785520076752
40500.0,1.3060832023620605,4.036073684692383,1.5199474096298218,-0.014328365214169025,-0.998258650302887,-0.03226824849843979,-0.047257088124752045
40500.0,1.3090060949325562,4.026951789855957,1.5231932401657104,-0.012982234358787537,-0.9982296228408813,-0.03169703483581543,-0.04862412437796593
40500.0,1.3119757175445557,4.017849445343018,1.5261967182159424,-0.015917375683784485,-0.9982743859291077,-0.025524919852614403,-0.050431057810783386
40500.0,1.315055012702942,4.00870418548584,1.5296452045440674,-0.016151132062077522,-0.9983006715774536,-0.02538677677512169,-0.04990604147315025
40500.0,1.3179168701171875,3.9991350173950195,1.5329276323318481,-0.014210392720997334,-0.9981743693351746,-0.030451465398073196,-0.0501878596842289
40500.0,1.3207591772079468,3.9901654720306396,1.5360678434371948,-0.01670839451253414,-0.9980689287185669,-0.02877894416451454,-0.05245012789964676
40500.0,1.3236725330352783,3.9809443950653076,1.5394973754882812,-0.011584925465285778,-0.9980706572532654,-0.032024137675762177,-0.05191732570528984
40500.0,1.3266568183898926,3.9716875553131104,1.542728066444397,-0.011530902236700058,-0.9980416893959045,-0.0327325277030468,-0.05204423516988754
40500.0,1.3295435905456543,3.962549924850464,1.5457022190093994,-0.016615141183137894,-0.9979673027992249,-0.028203893452882767,-0.05467919632792473
40500.0,1.3324408531188965,3.9531097412109375,1.5489202737808228,-0.015463963150978088,-0.9979377388954163,-0.02895450033247471,-0.05516193434596062
40500.0,1.3351393938064575,3.9440550804138184,1.5519015789031982,-0.01863323338329792,-0.9978675246238708,-0.024019628763198853,-0.05776147171854973
40500.0,1.3379889726638794,3.9348225593566895,1.555099606513977,-0.020144576206803322,-0.9977905750274658,-0.02364792861044407,-0.05872812494635582
40500.0,1.340925931930542,3.9255359172821045,1.5583940744400024,-0.016823237761855125,-0.9977181553840637,-0.02739328145980835,-0.05937354639172554
40500.0,1.3437343835830688,3.9163315296173096,1.5615397691726685,-0.016628798097372055,-0.9976268410682678,-0.026815498247742653,-0.061198633164167404
40500.0,1.3465269804000854,3.906938076019287,1.5646641254425049,-0.01897137612104416,-0.9975101947784424,-0.026033734902739525,-0.062735415995121
40500.0,1.3494809865951538,3.8971219062805176,1.567941665649414,-0.014144456945359707,-0.9975005984306335,-0.030812976881861687,-0.061992112547159195
40500.0,1.3522807359695435,3.8875925540924072,1.5709885358810425,-0.014233080670237541,-0.9974120259284973,-0.030124273151159286,-0.0637129545211792
40500.0,1.3549509048461914,3.8780930042266846,1.5738898515701294,-0.01827392540872097,-0.9972545504570007,-0.02716662362217903,-0.06641875952482224
40500.0,1.357731819152832,3.8685190677642822,1.5769866704940796,-0.019449619576334953,-0.997137725353241,-0.026319380849599838,-0.06815710663795471
40500.0,1.3605297803878784,3.8587400913238525,1.5801527500152588,-0.017783349379897118,-0.9970675110816956,-0.027793101966381073,-0.06904830783605576
40500.0,1.363281488418579,3.849142074584961,1.5829899311065674,-0.020475611090660095,-0.996859610080719,-0.025184346362948418,-0.07223287224769592
40500.0,1.3662645816802979,3.8391664028167725,1.5863559246063232,-0.0173320509493351,-0.9970163702964783,-0.026717163622379303,-0.07031576335430145
40500.0,1.3691480159759521,3.829097270965576,1.5895928144454956,-0.014821701683104038,-0.9970079064369202,-0.030414240434765816,-0.06950251758098602
40500.0,1.3717371225357056,3.819532871246338,1.59269118309021,-0.014034745283424854,-0.9967817664146423,-0.032117124646902084,-0.07209461182355881
40500.0,1.3744237422943115,3.8096232414245605,1.5955201387405396,-0.01680695079267025,-0.9965566992759705,-0.030628729611635208,-0.07519493252038956
40500.0,1.3770909309387207,3.7999680042266846,1.5983786582946777,-0.02186320349574089,-0.9964168071746826,-0.026322633028030396,-0.07734731584787369
40500.0,1.379976749420166,3.7898030281066895,1.601623773574829,-0.01786830648779869,-0.9965680241584778,-0.027640966698527336,-0.07595260441303253
40500.0,1.3828729391098022,3.7797608375549316,1.6047675609588623,-0.013636406511068344,-0.9964945912361145,-0.031820107251405716,-0.07615869492292404
40500.0,1.3855693340301514,3.7700767517089844,1.607580542564392,-0.017541633918881416,-0.9963386058807373,-0.028735846281051636,-0.07858825474977493
40500.0,1.388221025466919,3.7601187229156494,1.6104580163955688,-0.017824342474341393,-0.9962567090988159,-0.02814672328531742,-0.07976612448692322
40500.0,1.3908531665802002,3.7501816749572754,1.6133548021316528,-0.019322562962770462,-0.9961897134780884,-0.02678566426038742,-0.0807168260216713
40500.0,1.3935282230377197,3.740366220474243,1.6163253784179688,-0.02120351232588291,-0.9960418939590454,-0.026118168607354164,-0.0822734460234642
40500.0,1.3962504863739014,3.7304089069366455,1.619437575340271,-0.018576325848698616,-0.9959421753883362,-0.028490785509347916,-0.08332227915525436
40500.0,1.3989320993423462,3.72041916847229,1.6223646402359009,-0.01722620613873005,-0.9958359003067017,-0.02841869182884693,-0.08489126712083817
40000.0,1.4016536474227905,3.7103519439697266,1.6253043413162231,-0.01575469598174095,-0.9957938194274902,-0.027621407061815262,-0.08592765778303146
40000.0,1.4043872356414795,3.700559139251709,1.6282716989517212,-0.01602465845644474,-0.9956056475639343,-0.026631474494934082,-0.08833687007427216
40000.0,1.4069894552230835,3.6905040740966797,1.6310614347457886,-0.01967797987163067,-0.9954550862312317,-0.02614414505660534,-0.08943326026201248
40000.0,1.409645915031433,3.680687189102173,1.6338610649108887,-0.023235715925693512,-0.99532550573349,-0.0235530287027359,-0.09073350578546524
40000.0,1.4123289585113525,3.670933485031128,1.6367616653442383,-0.02656809240579605,-0.9952382445335388,-0.02031598798930645,-0.09155537933111191
40000.0,1.4149682521820068,3.6609749794006348,1.6397181749343872,-0.025277944281697273,-0.9950990080833435,-0.018843069672584534,-0.09372279793024063
40000.0,1.4175039529800415,3.6508142948150635,1.642573356628418,-0.026146937161684036,-0.9949309229850769,-0.018984945490956306,-0.09522774070501328
40000.0,1.4203461408615112,3.640155792236328,1.6459004878997803,-0.014764692634344101,-0.9951881766319275,-0.027133528143167496,-0.09298572689294815
40000.0,1.4230592250823975,3.630164861679077,1.6488081216812134,-0.010852431878447533,-0.995100736618042,-0.026241466403007507,-0.09470007568597794
40000.0,1.425642490386963,3.6199121475219727,1.6515718698501587,-0.012889674864709377,-0.9949120879173279,-0.028106067329645157,-0.09588591009378433
40000.0,1.428160548210144,3.609907388687134,1.6541180610656738,-0.017476761713624,-0.9946289658546448,-0.02658851258456707,-0.09849324077367783
40000.0,1.4306540489196777,3.6000702381134033,1.6562881469726562,-0.024849634617567062,-0.9942176938056946,-0.021393263712525368,-0.1022551879286766
40000.0,1.4332518577575684,3.5900795459747314,1.6589919328689575,-0.026521464809775352,-0.994017481803894,-0.01974869892001152,-0.10409639030694962
40000.0,1.4357895851135254,3.5799314975738525,1.6616287231445312,-0.027345828711986542,-0.9937798976898193,-0.016799185425043106,-0.10663755238056183
40000.0,1.4384397268295288,3.5697765350341797,1.6644856929779053,-0.02771184593439102,-0.9935320615768433,-0.013732681050896645,-0.10925888270139694
40000.0,1.4410080909729004,3.559673309326172,1.6674076318740845,-0.026520956307649612,-0.9934645295143127,-0.0176897831261158,-0.10959945619106293
40000.0,1.4436895847320557,3.549297332763672,1.670544981956482,-0.01989920251071453,-0.993625819683075,-0.023199401795864105,-0.1085066869854927
40000.0,1.4463210105895996,3.53914475440979,1.6733306646347046,-0.01800065115094185,-0.9935755133628845,-0.024830758571624756,-0.10893644392490387
40000.0,1.4488484859466553,3.5292835235595703,1.675893783569336,-0.021155472844839096,-0.9933070540428162,-0.022977877408266068,-0.11120020598173141
40000.0,1.4513777494430542,3.5189311504364014,1.6785653829574585,-0.022516030818223953,-0.9931102395057678,-0.022667406126856804,-0.1127445250749588
40000.0,1.4539240598678589,3.5086915493011475,1.6811214685440063,-0.023758864030241966,-0.9929306507110596,-0.021423857659101486,-0.11430384963750839
40000.0,1.4565701484680176,3.498419761657715,1.6838922500610352,-0.021796682849526405,-0.9928850531578064,-0.022758953273296356,-0.11483215540647507
40000.0,1.4591755867004395,3.4880025386810303,1.6866403818130493,-0.01893065869808197,-0.9927809238433838,-0.024602720513939857,-0.11585589498281479
40000.0,1.4616901874542236,3.477786064147949,1.6890408992767334,-0.021976493299007416,-0.9924045205116272,-0.02243821509182453,-0.11894068121910095
40000.0,1.464212417602539,3.467482089996338,1.6915578842163086,-0.024765361100435257,-0.9920030832290649,-0.020431943237781525,-0.12206172943115234
40000.0,1.4668011665344238,3.457207441329956,1.6941337585449219,-0.025967290624976158,-0.9917367696762085,-0.019687078893184662,-0.12408163398504257
40000.0,1.4693857431411743,3.446909189224243,1.6965945959091187,-0.028037691488862038,-0.991533100605011,-0.01706777699291706,-0.12563717365264893
40000.0,1.4719760417938232,3.436561107635498,1.6992344856262207,-0.027920350432395935,-0.9913653135299683,-0.019085612148046494,-0.1266925185918808
40000.0,1.4745177030563354,3.4264371395111084,1.701740026473999,-0.029456360265612602,-0.9911132454872131,-0.01973327249288559,-0.12820856273174286
40000.0,1.4771193265914917,3.4160683155059814,1.7043477296829224,-0.028493789955973625,-0.9909128546714783,-0.019311239942908287,-0.13002650439739227
40000.0,1.4797606468200684,3.405808210372925,1.7069118022918701,-0.02784925326704979,-0.9905641674995422,-0.018585169687867165,-0.13289737701416016
40000.0,1.482318639755249,3.395369529724121,1.7093629837036133,-0.03074674867093563,-0.9904277920722961,-0.017176851630210876,-0.13346311450004578
40000.0,1.4849921464920044,3.3849401473999023,1.71202552318573,-0.027264321222901344,-0.9902008771896362,-0.01848221756517887,-0.13571052253246307
40000.0,1.4875588417053223,3.374436378479004,1.7147135734558105,-0.02568662539124489,-0.990212082862854,-0.020604483783245087,-0.1356310248374939
40000.0,1.490127682685852,3.364039182662964,1.7169992923736572,-0.028086122125387192,-0.9897162914276123,-0.01920439675450325,-0.13893964886665344
40000.0,1.492733359336853,3.3536336421966553,1.7192600965499878,-0.029009316116571426,-0.9893649220466614,-0.01651180535554886,-0.1415725201368332
40000.0,1.4952764511108398,3.3431005477905273,1.7217433452606201,-0.029090430587530136,-0.9891171455383301,-0.014443614520132542,-0.14350047707557678
40000.0,1.4978967905044556,3.3326261043548584,1.724426507949829,-0.026783917099237442,-0.9887821078300476,-0.01633603498339653,-0.1460336148738861
40000.0,1.500428557395935,3.3220958709716797,1.72679603099823,-0.029803574085235596,-0.988458514213562,-0.016285696998238564,-0.14763589203357697
40000.0,1.5030312538146973,3.3116674423217773,1.7291699647903442,-0.030536815524101257,-0.9880594611167908,-0.018246954306960106,-0.14991019666194916
40000.0,1.5055391788482666,3.3011138439178467,1.7317142486572266,-0.029796989634633064,-0.9878793954849243,-0.01635269820690155,-0.15145646035671234
40000.0,1.5081164836883545,3.2906997203826904,1.7342774868011475,-0.028513621538877487,-0.9876012206077576,-0.01783604919910431,-0.1533389538526535
40000.0,1.5107022523880005,3.280151605606079,1.7366809844970703,-0.029828306287527084,-0.9871827960014343,-0.01798459328711033,-0.1557462513446808
40000.0,1.5135165452957153,3.269704580307007,1.7389284372329712,-0.03092474490404129,-0.9870045185089111,-0.017220184206962585,-0.1567457616329193
40000.0,1.5161256790161133,3.2591421604156494,1.7413759231567383,-0.031061748042702675,-0.98659348487854,-0.015907827764749527,-0.15942269563674927
40000.0,1.518689751625061,3.2485272884368896,1.7440519332885742,-0.027883464470505714,-0.9865076541900635,-0.017423532903194427,-0.16037987172603607
40000.0,1.521284580230713,3.2372467517852783,1.7474207878112793,-0.012965978123247623,-0.987396240234375,-0.01911921426653862,-0.15657290816307068
40000.0,1.523992657661438,3.226623058319092,1.7501518726348877,-0.0027535392437130213,-0.9872920513153076,-0.02453470043838024,-0.15698710083961487
40000.0,1.5266220569610596,3.215609550476074,1.7514050006866455,-0.006150406319648027,-0.9856804609298706,-0.035866908729076385,-0.1646503061056137
40000.0,1.5292418003082275,3.2044050693511963,1.7538405656814575,0.0043520512990653515,-0.9849641919136047,-0.04809786006808281,-0.16587166488170624
40000.0,1.5316729545593262,3.1945128440856934,1.7562042474746704,-0.007154508493840694,-0.9851863384246826,-0.035930003970861435,-0.16752849519252777
40000.0,1.5343304872512817,3.184049367904663,1.7583777904510498,-0.006505526602268219,-0.9844886064529419,-0.03643861785531044,-0.17149938642978668
40000.0,1.5369631052017212,3.1735405921936035,1.76064133644104,-0.006167917046695948,-0.9839845299720764,-0.03618780896067619,-0.17443309724330902
40000.0,1.5394790172576904,3.16288423538208,1.7631971836090088,-0.007379104383289814,-0.9839531779289246,-0.03491708263754845,-0.17482151091098785
40000.0,1.541947364807129,3.152496576309204,1.7656883001327515,-0.009270638227462769,-0.9837121963500977,-0.03598514944314957,-0.17586761713027954
40000.0,1.5450104475021362,3.1405842304229736,1.76744544506073,-0.007164984475821257,-0.9827708005905151,-0.016646860167384148,-0.18393844366073608
40000.0,1.5474064350128174,3.129910945892334,1.770190954208374,-0.005642562173306942,-0.9829572439193726,-0.015081790275871754,-0.18312768638134003
40000.0,1.5500872135162354,3.1189098358154297,1.7723701000213623,-0.0035535169299691916,-0.9823474884033203,-0.010630865581333637,-0.1867293268442154
40000.0,1.5527430772781372,3.1081106662750244,1.7746094465255737,-0.0013696954119950533,-0.9816341996192932,-0.007522921077907085,-0.19062019884586334
40000.0,1.5551362037658691,3.0974204540252686,1.777330756187439,8.800590148894116e-05,-0.9818710088729858,-0.01163840014487505,-0.18919289112091064
40500.0,1.5577915906906128,3.0869297981262207,1.7795143127441406,-0.003415204817429185,-0.9812653660774231,-0.009268555790185928,-0.19240771234035492
40500.0,1.5601439476013184,3.0759119987487793,1.7825502157211304,0.003336115274578333,-0.981939435005188,-0.011957885697484016,-0.18878762423992157
40500.0,1.5627092123031616,3.065427541732788,1.7847161293029785,0.0011919334065169096,-0.9813540577888489,-0.010455886833369732,-0.19192048907279968
40500.0,1.565320611000061,3.0548884868621826,1.7870259284973145,-0.0018742996035143733,-0.9809098243713379,-0.01053491048514843,-0.19416865706443787
40500.0,1.5678342580795288,3.044184446334839,1.7894847393035889,-0.0004860860644839704,-0.980825662612915,-0.01122831366956234,-0.1945633441209793
40500.0,1.5704500675201416,3.0337207317352295,1.7917208671569824,-0.0012569642858579755,-0.9800845384597778,-0.009109544567763805,-0.19836769998073578
40500.0,1.5730605125427246,3.0231611728668213,1.794034719467163,-0.0017297858139500022,-0.9798018932342529,-0.011575804091989994,-0.1996278166770935
40500.0,1.5755820274353027,3.0124802589416504,1.7966047525405884,-0.00311164534650743,-0.9797375798225403,-0.010623914189636707,-0.199979767203331
40500.0,1.578095555305481,3.001647710800171,1.7991783618927002,-0.0005952540086582303,-0.9797552227973938,-0.008676598779857159,-0.20001037418842316
40500.0,1.5807931423187256,2.9911258220672607,1.8012257814407349,-0.0026897930074483156,-0.979081928730011,-0.010247885249555111,-0.20319080352783203
40500.0,1.5832233428955078,2.980393886566162,1.8036823272705078,-0.0020113433711230755,-0.9792240858078003,-0.006781409028917551,-0.20265792310237885
40500.0,1.5857127904891968,2.9693660736083984,1.8064666986465454,0.003699534572660923,-0.9794520735740662,-0.006997504271566868,-0.2015218585729599
40500.0,1.5884416103363037,2.958944320678711,1.8084298372268677,0.001920579932630062,-0.9787142276763916,-0.006436633411794901,-0.20511780679225922
40500.0,1.5907909870147705,2.9472668170928955,1.8116625547409058,0.008193363435566425,-0.9793952107429504,-0.013531907461583614,-0.20133273303508759
40500.0,1.5933823585510254,2.9363903999328613,1.8141993284225464,0.010163521394133568,-0.9792503714561462,-0.014241422526538372,-0.20189769566059113
40500.0,1.5959525108337402,2.9258017539978027,1.8163914680480957,0.00874475110322237,-0.9789637923240662,-0.011976253241300583,-0.20349466800689697
40500.0,1.5986117124557495,2.9153051376342773,1.8188824653625488,0.008859721012413502,-0.979016900062561,-0.008924439549446106,-0.20339085161685944
40500.0,1.6010797023773193,2.9045512676239014,1.8209056854248047,0.00531727634370327,-0.9779927730560303,-0.00876802671700716,-0.2083868831396103
40500.0,1.6036664247512817,2.89355731010437,1.8234760761260986,0.006337180733680725,-0.9780930876731873,-0.008852845057845116,-0.2078830450773239
40500.0,1.6064172983169556,2.8824663162231445,1.8263624906539917,0.0114571088925004,-0.9787895083427429,-0.009677884168922901,-0.20431914925575256
40500.0,1.6086257696151733,2.8713932037353516,1.828568458557129,0.0061875199899077415,-0.9774777889251709,-0.011470803990960121,-0.21063561737537384
40500.0,1.6114453077316284,2.860095262527466,1.8314067125320435,0.011332610622048378,-0.9783908724784851,-0.014926453121006489,-0.2059127539396286
40500.0,1.6139185428619385,2.8493025302886963,1.833693265914917,0.008470060303807259,-0.977975606918335,-0.013921431265771389,-0.20808210968971252
41000.0,1.6164883375167847,2.8387322425842285,1.835568904876709,0.003030820284038782,-0.9770501255989075,-0.009994443506002426,-0.21275338530540466
41000.0,1.6192429065704346,2.8270010948181152,1.8389703035354614,0.012508058920502663,-0.9782623052597046,-0.014999840408563614,-0.2064494788646698
41000.0,1.6218994855880737,2.8161587715148926,1.8414968252182007,0.014751615934073925,-0.9779567718505859,-0.014281733892858028,-0.20779584348201752
41000.0,1.6241101026535034,2.8050649166107178,1.8432776927947998,0.008898342028260231,-0.9761489629745483,-0.02301926165819168,-0.21569480001926422
41000.0,1.6268664598464966,2.7941267490386963,1.8455551862716675,0.006532162427902222,-0.9756349325180054,-0.02382790669798851,-0.21800479292869568
41000.0,1.6300313472747803,2.7832109928131104,1.8478305339813232,0.006674347911030054,-0.9751219153404236,-0.02904137223958969,-0.21965764462947845
41000.0,1.6327368021011353,2.772674560546875,1.8497952222824097,0.0015170832630246878,-0.9743145108222961,-0.028074804693460464,-0.2234298139810562
41000.0,1.6358506679534912,2.762033700942993,1.8519024848937988,-0.0028872834518551826,-0.9731962084770203,-0.028561588376760483,-0.22817793488502502
41000.0,1.6391180753707886,2.751544952392578,1.8537102937698364,-0.009096710942685604,-0.9715989828109741,-0.03129326552152634,-0.23437875509262085
41000.0,1.6425626277923584,2.7413034439086914,1.855682373046875,-0.016138147562742233,-0.9704054594039917,-0.03073914162814617,-0.2389729917049408
41000.0,1.6461403369903564,2.731114625930786,1.8574388027191162,-0.021267084404826164,-0.9700034856796265,-0.030307555571198463,-0.2402549535036087
41000.0,1.6488139629364014,2.7202794551849365,1.859397530555725,-0.035474251955747604,-0.965434730052948,-0.039467837661504745,-0.25518539547920227
41000.0,1.653076171875,2.710218667984009,1.8609659671783447,-0.046327464282512665,-0.9674203395843506,-0.041170306503772736,-0.24547253549098969
41000.0,1.6555185317993164,2.699857234954834,1.8628489971160889,-0.05134497210383415,-0.9612405896186829,-0.04263145476579666,-0.26751217246055603
41000.0,1.6590962409973145,2.6896841526031494,1.8642605543136597,-0.059648297727108,-0.9603431224822998,-0.04553037881851196,-0.2685334086418152
41000.0,1.6634714603424072,2.679899215698242,1.8653757572174072,-0.06472106277942657,-0.9630882740020752,-0.04336250200867653,-0.25766634941101074
41000.0,1.6651875972747803,2.6698739528656006,1.86567223072052,-0.0671720802783966,-0.9544998407363892,-0.048578329384326935,-0.28645801544189453
45000.0,5.196329116821289,3.686206817626953,0.4478018283843994,-0.017387624830007553,-0.40768909454345703,-0.040068525820970535,0.9120755195617676
45000.0,5.202547073364258,3.71107816696167,0.44215381145477295,-0.01819256879389286,-0.4077449142932892,-0.04011984169483185,0.9120326042175293
45000.0,5.208775520324707,3.7357497215270996,0.4366157054901123,-0.018400859087705612,-0.40778011083602905,-0.03970325365662575,0.9120309352874756
44500.0,5.2150163650512695,3.7601943016052246,0.4309815466403961,-0.017710847780108452,-0.40726789832115173,-0.03937145695090294,0.9122878313064575
44500.0,5.221224784851074,3.7845137119293213,0.42541998624801636,-0.018239200115203857,-0.40724799036979675,-0.03894466534256935,0.9123045802116394
44500.0,5.227445602416992,3.808697462081909,0.4200286865234375,-0.018650786951184273,-0.40793362259864807,-0.039245523512363434,0.9119769930839539
44000.0,5.233675956726074,3.832657814025879,0.41442564129829407,-0.017865361645817757,-0.40814006328582764,-0.038685984909534454,0.9119242429733276
44000.0,5.239935398101807,3.8564608097076416,0.40883734822273254,-0.018572168424725533,-0.407764196395874,-0.03902910649776459,0.9120636582374573
44000.0,5.246183395385742,3.8801627159118652,0.4033433794975281,-0.019402576610445976,-0.40765392780303955,-0.04033764824271202,0.9120388031005859
44000.0,5.2523884773254395,3.903704881668091,0.3978366255760193,-0.018058832734823227,-0.4086431860923767,-0.03964237496256828,0.9116540551185608
43500.0,5.258716106414795,3.9271492958068848,0.39228710532188416,-0.01814834587275982,-0.4075371325016022,-0.04036753997206688,0.9121154546737671
43500.0,5.2649688720703125,3.950554609298706,0.38681715726852417,-0.01838511787354946,-0.40814733505249023,-0.039758965373039246,0.9118645787239075
43500.0,5.271265506744385,3.973827838897705,0.38126733899116516,-0.01796279475092888,-0.4083666503429413,-0.03949657455086708,0.9117861986160278
43000.0,5.2775444984436035,3.9969723224639893,0.37578845024108887,-0.017302438616752625,-0.4086851477622986,-0.038721963763237,0.9116894602775574
43000.0,5.283839702606201,4.019882678985596,0.3702550232410431,-0.018528060987591743,-0.4080514907836914,-0.0395246297121048,0.9119147658348083
43000.0,5.290140151977539,4.0428996086120605,0.3647592067718506,-0.018766306340694427,-0.40765896439552307,-0.03997458145022392,0.912065863609314
43000.0,5.296448230743408,4.065770626068115,0.3593226373195648,-0.019599612802267075,-0.4077935516834259,-0.03983580693602562,0.9119941592216492
42500.0,5.302742004394531,4.088343143463135,0.3538036048412323,-0.01851254515349865,-0.4084818661212921,-0.03929609805345535,0.9117322564125061
42500.0,5.308999061584473,4.110886573791504,0.3484428822994232,-0.015991879627108574,-0.4075898230075836,-0.04176777973771095,0.9120692610740662
42500.0,5.315417289733887,4.133323669433594,0.34287476539611816,-0.017805851995944977,-0.40782299637794495,-0.03931760787963867,0.9120402932167053
42500.0,5.321791648864746,4.155570983886719,0.33735236525535583,-0.01876452937722206,-0.40781453251838684,-0.04051264002919197,0.9119725227355957
42000.0,5.328151702880859,4.177785396575928,0.33181703090667725,-0.020318280905485153,-0.4086419343948364,-0.039078887552022934,0.9116314649581909
42000.0,5.334479808807373,4.1998114585876465,0.32634788751602173,-0.019781645387411118,-0.40788859128952026,-0.04046672210097313,0.9119200110435486
42000.0,5.340816020965576,4.221817493438721,0.3209792971611023,-0.018911244347691536,-0.4088050425052643,-0.040078599005937576,0.9115451574325562
41500.0,5.347426891326904,4.243394374847412,0.3150706887245178,-0.01894359476864338,-0.404168963432312,-0.04255612939596176,0.9134975075721741
41500.0,5.353763580322266,4.2652506828308105,0.3096356987953186,-0.02055523544549942,-0.4042886793613434,-0.04086528345942497,0.913486897945404
41500.0,5.360189437866211,4.286633491516113,0.304078608751297,-0.020758215337991714,-0.4032149314880371,-0.04328368604183197,0.9138454794883728
41500.0,5.366608142852783,4.307788372039795,0.2985067665576935,-0.021860040724277496,-0.4021208882331848,-0.04627591744065285,0.914155125617981
41000.0,5.372805595397949,4.329232215881348,0.2919585108757019,-0.01813756860792637,-0.3921937644481659,-0.05007774010300636,0.9183393716812134
41000.0,5.379593372344971,4.350440502166748,0.2854363024234772,-0.022486677393317223,-0.3924771249294281,-0.05787122994661331,0.9176639318466187
41000.0,5.385737895965576,4.37103796005249,0.2793090045452118,-0.024473760277032852,-0.3911585211753845,-0.05885736644268036,0.9181132912635803
41000.0,5.391872406005859,4.391362190246582,0.2729679048061371,-0.0256345234811306,-0.3907155692577362,-0.05871998518705368,0.9182789921760559
40500.0,5.397710800170898,4.411623954772949,0.2665250301361084,-0.025276241824030876,-0.3882739841938019,-0.05908983573317528,0.9193002581596375
40500.0,5.403790473937988,4.431526184082031,0.25997135043144226,-0.02541985735297203,-0.388748437166214,-0.05858875438570976,0.9191277623176575
40500.0,5.409704685211182,4.451335906982422,0.2531956434249878,-0.025005171075463295,-0.38879233598709106,-0.05901169031858444,0.9190935492515564
40000.0,5.41544246673584,4.471029758453369,0.24629054963588715,-0.022902779281139374,-0.387546181678772,-0.05830124393105507,0.9197198152542114
40000.0,5.421812534332275,4.490223407745361,0.2391965687274933,-0.024660497903823853,-0.3928685188293457,-0.05606146901845932,0.9175528883934021
40000.0,5.427990436553955,4.509239196777344,0.23212413489818573,-0.024391816928982735,-0.3961491882801056,-0.05560220405459404,0.9161764979362488
40000.0,5.433769226074219,4.528398036956787,0.22491423785686493,-0.022438660264015198,-0.39684611558914185,-0.05403720214962959,0.9160184264183044
39500.0,5.439518451690674,4.547327041625977,0.21769656240940094,-0.02083604969084263,-0.39813512563705444,-0.0522100105881691,0.9156027436256409
39500.0,5.4453511238098145,4.5660223960876465,0.21040983498096466,-0.019460657611489296,-0.39930400252342224,-0.051267605274915695,0.9151772260665894
39500.0,5.451076984405518,4.584674835205078,0.20306551456451416,-0.01916927844285965,-0.4008210003376007,-0.05019985884428024,0.9145792126655579
39500.0,5.4568071365356445,4.603125095367432,0.19569136202335358,-0.018880436196923256,-0.40245071053504944,-0.049982260912656784,0.9138811826705933
39000.0,5.462819576263428,4.621360778808594,0.1881973147392273,-0.017330970615148544,-0.40182650089263916,-0.04968437924981117,0.9142026901245117
39000.0,5.4687819480896,4.639481067657471,0.1806875765323639,-0.017056779935956,-0.40139517188072205,-0.0496622659265995,0.9143985509872437
39000.0,5.474700450897217,4.657464981079102,0.1731785237789154,-0.01760023832321167,-0.40084418654441833,-0.04979340359568596,0.9146227240562439
38500.0,5.480687141418457,4.675203323364258,0.16566890478134155,-0.017901157960295677,-0.3996269702911377,-0.05007385462522507,0.9151341319084167
38500.0,5.486678600311279,4.692890167236328,0.1581280529499054,-0.01817246526479721,-0.39883264899253845,-0.050363581627607346,0.9154592752456665
38500.0,5.492649078369141,4.710409164428711,0.1506088227033615,-0.018687758594751358,-0.39806482195854187,-0.05063161253929138,0.9157683253288269
38500.0,5.498641490936279,4.72782039642334,0.1430818885564804,-0.01909559778869152,-0.3974127769470215,-0.051309891045093536,0.9160053133964539
38000.0,5.504655838012695,4.745087623596191,0.13557802140712738,-0.01930733025074005,-0.39707866311073303,-0.052060145884752274,0.9161035418510437
38000.0,5.510676383972168,4.762169361114502,0.1281130313873291,-0.018744004890322685,-0.3967907726764679,-0.05158190429210663,0.916266918182373
38000.0,5.516817092895508,4.7791008949279785,0.1206558346748352,-0.018527280539274216,-0.3964420258998871,-0.05124358832836151,0.9164413213729858
37500.0,5.522905349731445,4.795938491821289,0.1132301464676857,-0.017908798530697823,-0.3967747688293457,-0.05151814594864845,0.9162941575050354
37500.0,5.529048919677734,4.8126115798950195,0.10584694147109985,-0.01705765724182129,-0.39701077342033386,-0.05047231167554855,0.9162664413452148
37500.0,5.535247325897217,4.829082489013672,0.09852966666221619,-0.016502751037478447,-0.3971490263938904,-0.050295691937208176,0.916226327419281
37500.0,5.541499614715576,4.845422267913818,0.09126005321741104,-0.01597261242568493,-0.3976169228553772,-0.04926266521215439,0.9160889387130737
37000.0,5.547819137573242,4.861642360687256,0.08402451872825623,-0.015838121995329857,-0.3985026776790619,-0.04891959950327873,0.9157246351242065
37000.0,5.554117679595947,4.877705097198486,0.07688624411821365,-0.015481985174119473,-0.3983008861541748,-0.04868184030056,0.9158312082290649
37000.0,5.560436725616455,4.893558979034424,0.06983797997236252,-0.01541584637016058,-0.3985781967639923,-0.047360461205244064,0.9157810211181641
37000.0,5.56687068939209,4.909271717071533,0.06281635910272598,-0.01450367085635662,-0.3984642028808594,-0.047710880637168884,0.9158272743225098
36500.0,5.573337554931641,4.924863815307617,0.05588958412408829,-0.016002481803297997,-0.39886683225631714,-0.04723622277379036,0.9156516790390015
36500.0,5.5798444747924805,4.940305709838867,0.04904817417263985,-0.017374306917190552,-0.39860042929649353,-0.0468805655837059,0.9157609343528748
36500.0,5.586414337158203,4.955369472503662,0.04231587424874306,-0.017224788665771484,-0.3983920216560364,-0.046299345791339874,0.9158839583396912
36500.0,5.592952728271484,4.970617294311523,0.03562282398343086,-0.017806578427553177,-0.39841774106025696,-0.0466126948595047,0.9158458113670349
52500.0,3.964115858078003,0.7514283061027527,0.17917266488075256,0.3062671422958374,0.5443001389503479,0.6260825991630554,0.4668600559234619
52500.0,3.94069504737854,0.7581211924552917,0.18320274353027344,0.3334924578666687,0.5471322536468506,0.5984737277030945,0.4808933734893799
52500.0,3.9172136783599854,0.7673478126525879,0.18818414211273193,0.34194648265838623,0.5484915971755981,0.5826386213302612,0.4927087724208832
52500.0,3.894484519958496,0.7746763825416565,0.192628413438797,0.35946139693260193,0.5468859076499939,0.5678077936172485,0.49929729104042053
52500.0,3.872401475906372,0.7821623086929321,0.19685989618301392,0.3661854863166809,0.5471429824829102,0.5516186356544495,0.5121128559112549
52500.0,3.8506393432617188,0.7898920774459839,0.20052415132522583,0.3773305416107178,0.5506976246833801,0.5293479561805725,0.5235881209373474
52500.0,3.829469919204712,0.7982785105705261,0.20506154000759125,0.3867635726928711,0.5424651503562927,0.5198919177055359,0.5346567630767822
52500.0,3.80873441696167,0.805300235748291,0.20872555673122406,0.3891662359237671,0.5415458679199219,0.5111789107322693,0.5421934723854065
52500.0,3.7884790897369385,0.8127968311309814,0.2130628526210785,0.3911037743091583,0.5322168469429016,0.506627082824707,0.554176926612854
52500.0,3.7681801319122314,0.8194524645805359,0.21682804822921753,0.38792386651039124,0.5205826759338379,0.515364944934845,0.5593816041946411
52500.0,3.748659133911133,0.8259700536727905,0.22000105679035187,0.38849306106567383,0.5142320394515991,0.5121928453445435,0.5677121877670288
52500.0,3.731557607650757,0.829867422580719,0.2219952642917633,0.40483778715133667,0.5094278454780579,0.4966388940811157,0.5744035840034485
52500.0,3.7151734828948975,0.8350485563278198,0.22204908728599548,0.4185361862182617,0.5284323692321777,0.47200852632522583,0.5681502223014832
52500.0,3.6979708671569824,0.8398405909538269,0.2240583300590515,0.4162805676460266,0.5342438220977783,0.4567793905735016,0.5767552256584167
52500.0,3.68046236038208,0.8439376354217529,0.22543390095233917,0.41751423478126526,0.534789502620697,0.44613292813301086,0.5836501717567444
52500.0,3.6644086837768555,0.8481400609016418,0.22687649726867676,0.42012572288513184,0.537166178226471,0.43831485509872437,0.5855143666267395
52500.0,3.648434638977051,0.8517234325408936,0.22811399400234222,0.4157301187515259,0.5432936549186707,0.42589080333709717,0.592129647731781
52500.0,3.634225606918335,0.855205237865448,0.22963804006576538,0.40900564193725586,0.5546533465385437,0.4169277846813202,0.5926594734191895
52500.0,3.6198203563690186,0.8577700853347778,0.23046551644802094,0.40223369002342224,0.5653910636901855,0.4129523038864136,0.5899249315261841
52500.0,3.606008529663086,0.8601165413856506,0.23120437562465668,0.4044860005378723,0.5693041086196899,0.40510642528533936,0.5900617241859436
52500.0,3.5929031372070312,0.8620058298110962,0.23140832781791687,0.40504202246665955,0.576581597328186,0.40223410725593567,0.5845532417297363
52500.0,3.5612499713897705,0.8509752154350281,0.233304962515831,0.44822967052459717,0.5086925625801086,0.3987199068069458,0.6175309419631958
52500.0,3.5488088130950928,0.8487414717674255,0.23300665616989136,0.44920361042022705,0.5128339529037476,0.39653876423835754,0.6147962808609009
52500.0,3.5366744995117188,0.8457152247428894,0.23221145570278168,0.45310136675834656,0.5189567804336548,0.38632631301879883,0.6132984757423401
52500.0,3.52530574798584,0.8427029252052307,0.23089809715747833,0.4530060291290283,0.5228407979011536,0.3901160955429077,0.6076449751853943
52500.0,3.5140488147735596,0.8399866819381714,0.2300516963005066,0.43903353810310364,0.5263532400131226,0.4039135277271271,0.6058512330055237
52500.0,3.5040550231933594,0.8351412415504456,0.22888948023319244,0.43587592244148254,0.5244559049606323,0.40536659955978394,0.6087989211082458
52500.0,3.4946517944335938,0.831337034702301,0.22692735493183136,0.42513152956962585,0.5247237086296082,0.42298009991645813,0.6041656136512756
52500.0,3.4853851795196533,0.8277647495269775,0.22467781603336334,0.4097290635108948,0.5291714072227478,0.4397278428077698,0.5989483594894409
52500.0,3.47741961479187,0.8239198923110962,0.22192826867103577,0.3930228054523468,0.5283002257347107,0.47340258955955505,0.5850828289985657
52500.0,3.4450294971466064,0.7932614684104919,0.20838956534862518,0.3550017178058624,0.4907919466495514,0.5397645831108093,0.5845949649810791
52500.0,3.4407033920288086,0.7882982492446899,0.20549312233924866,0.3447473347187042,0.4966372847557068,0.5510767698287964,0.5751653909683228
52500.0,3.4375734329223633,0.7835935950279236,0.20369909703731537,0.32876867055892944,0.497012197971344,0.5704706311225891,0.565201997756958
52500.0,3.4352478981018066,0.7788938283920288,0.20201416313648224,0.31494995951652527,0.4960067570209503,0.6011786460876465,0.5416345596313477
52500.0,3.4339447021484375,0.7723338007926941,0.19916124641895294,0.31678998470306396,0.5085741281509399,0.600692629814148,0.5293061137199402
52500.0,3.4331889152526855,0.7677648663520813,0.19748198986053467,0.3047623634338379,0.5159209370613098,0.6208509802818298,0.5054599046707153
52500.0,3.4325196743011475,0.7626588344573975,0.19507929682731628,0.3104741871356964,0.5278065204620361,0.6191563606262207,0.49160102009773254
52500.0,3.432429790496826,0.7579951882362366,0.1931593418121338,0.31234055757522583,0.532403826713562,0.6317136287689209,0.46896418929100037
52500.0,3.4327282905578613,0.7522227168083191,0.19040098786354065,0.31772199273109436,0.5389508008956909,0.6356508135795593,0.452253133058548
52500.0,3.432749032974243,0.7472872734069824,0.18721279501914978,0.3248775899410248,0.5506075620651245,0.6343315243721008,0.43463706970214844
52500.0,3.4326698780059814,0.7425041198730469,0.1848723292350769,0.3238659203052521,0.5526499152183533,0.6435556411743164,0.41895726323127747
52500.0,3.4327147006988525,0.7381002306938171,0.1819009631872177,0.32429856061935425,0.5536782145500183,0.651111900806427,0.4053691327571869
52500.0,3.431560754776001,0.7298516035079956,0.17642326653003693,0.3132333755493164,0.5589137673377991,0.6528297662734985,0.4041207730770111
52500.0,2.251912832260132,0.8365743160247803,0.2947591245174408,0.492123544216156,0.5428892970085144,0.4906204342842102,0.4715689420700073
52500.0,2.2304909229278564,0.848673403263092,0.2995232343673706,0.4986201524734497,0.5353491902351379,0.474976122379303,0.48905712366104126
52500.0,2.2087252140045166,0.8584955334663391,0.3041079044342041,0.4900972247123718,0.5342981815338135,0.46167442202568054,0.5110645890235901
52500.0,2.1879758834838867,0.8709797859191895,0.3078790605068207,0.5109536051750183,0.5293040871620178,0.4423885643482208,0.5128898620605469
52500.0,2.1687443256378174,0.8829149603843689,0.3131081163883209,0.5032691359519958,0.5159896612167358,0.43392232060432434,0.5405426621437073
52500.0,2.1496212482452393,0.8935016989707947,0.3170502185821533,0.49538454413414,0.5122517347335815,0.4251079857349396,0.5580998063087463
52500.0,2.131639003753662,0.903756856918335,0.3203936815261841,0.4949992299079895,0.5082776546478271,0.41498637199401855,0.5695751905441284
52500.0,2.112818479537964,0.9123294949531555,0.32391077280044556,0.5025529861450195,0.49678561091423035,0.3859427273273468,0.5930368900299072
52500.0,2.0948972702026367,0.9209762811660767,0.32708534598350525,0.5105711817741394,0.48535698652267456,0.36468371748924255,0.6088936924934387
52500.0,2.0783684253692627,0.9302273988723755,0.3299551010131836,0.5162416696548462,0.47580215334892273,0.35235831141471863,0.6188299655914307
52500.0,2.061760425567627,0.9368849396705627,0.33241796493530273,0.5330419540405273,0.45301780104637146,0.3388380706310272,0.6291502118110657
52500.0,2.047351598739624,0.9445457458496094,0.3337043523788452,0.5419642925262451,0.4548811614513397,0.3310946822166443,0.6242870092391968
52500.0,2.0330874919891357,0.9511235356330872,0.33398258686065674,0.5577365756034851,0.45319005846977234,0.32136884331703186,0.616661012172699
52500.0,2.016845703125,0.9595293402671814,0.3373788297176361,0.57477867603302,0.43655598163604736,0.30784016847610474,0.6199054718017578
52500.0,2.0026607513427734,0.9654989838600159,0.33967331051826477,0.5797303318977356,0.4250916838645935,0.2928759455680847,0.6304233074188232
52500.0,1.9881997108459473,0.9697636961936951,0.34268027544021606,0.5846818089485168,0.40580931305885315,0.27981674671173096,0.6443357467651367
52500.0,1.9746190309524536,0.9724312424659729,0.34475621581077576,0.5909219980239868,0.39113378524780273,0.2720550000667572,0.6510083079338074
52500.0,1.957029938697815,0.9641456007957458,0.34408870339393616,-0.5483875870704651,0.5318594574928284,-0.5081644654273987,0.39770039916038513
52500.0,1.9440048933029175,0.9650264382362366,0.34473586082458496,-0.5409381985664368,0.5483088493347168,-0.5075148344039917,0.38622796535491943
52500.0,1.931307315826416,0.9662035703659058,0.3460502326488495,-0.5406520366668701,0.544795572757721,-0.5076043009757996,0.39144763350486755
52500.0,1.9187734127044678,0.9647801518440247,0.3462234437465668,-0.5303062200546265,0.5646942853927612,-0.5069153308868408,0.37806421518325806
52500.0,1.9084111452102661,0.9641821980476379,0.34689271450042725,-0.528822660446167,0.5558591485023499,-0.5081104040145874,0.3913961946964264
52500.0,1.8999595642089844,0.9622656106948853,0.3466304838657379,-0.5267661809921265,0.5414882898330688,-0.5026410222053528,0.4203093349933624
52500.0,1.893776535987854,0.9602259397506714,0.34538787603378296,-0.566409707069397,0.5309759974479675,-0.4660753607749939,0.4242858290672302
52500.0,1.8826608657836914,0.9565979838371277,0.34523096680641174,-0.5687198638916016,0.5234059691429138,-0.4641351103782654,0.4326459467411041
52500.0,1.871535062789917,0.9515776634216309,0.34470608830451965,-0.5471667647361755,0.5144935250282288,-0.474152147769928,0.4594396948814392
52500.0,1.8605191707611084,0.948489248752594,0.34443676471710205,-0.5517366528511047,0.5043643712997437,-0.4726255536079407,0.466720849275589
52500.0,1.8308523893356323,0.9290617108345032,0.3422301411628723,-0.6107310652732849,-0.372733473777771,-0.3194999098777771,-0.6212868094444275
52500.0,1.8232290744781494,0.9219436645507812,0.34142252802848816,-0.591183066368103,-0.38545748591423035,-0.34679484367370605,-0.6177851557731628
[ros2run]: Interrupt
